#node1	node2	node1_string_id	node2_string_id	neighborhood_on_chromosome	gene_fusion	phylogenetic_cooccurrence	homology	coexpression	experimentally_determined_interaction	database_annotated	automated_textmining	combined_score
ABCA1	PDK4	9606.ENSP00000363868	9606.ENSP00000005178	0	0	0	0	0.064	0	0	0.395	0.410
ABCA1	STAT3	9606.ENSP00000363868	9606.ENSP00000264657	0	0	0	0	0.062	0	0	0.937	0.939
ABCA1	NPC1	9606.ENSP00000363868	9606.ENSP00000269228	0	0	0	0	0.064	0.060	0	0.831	0.838
ABCA1	TRIB1	9606.ENSP00000363868	9606.ENSP00000312150	0	0	0	0	0.049	0	0	0.417	0.421
ABCA1	MYLIP	9606.ENSP00000363868	9606.ENSP00000349298	0	0	0	0	0.062	0	0	0.682	0.689
ABCA1	DMD	9606.ENSP00000363868	9606.ENSP00000354923	0	0	0	0	0.062	0.270	0	0.766	0.826
ABCA1	SCD	9606.ENSP00000363868	9606.ENSP00000359380	0	0	0	0	0.062	0	0	0.558	0.567
ABCA1	MMP9	9606.ENSP00000363868	9606.ENSP00000361405	0	0	0	0	0.062	0	0	0.392	0.405
ABCA1	APOC1	9606.ENSP00000363868	9606.ENSP00000465356	0	0	0	0	0.062	0	0	0.522	0.532
ABCA1	TNF	9606.ENSP00000363868	9606.ENSP00000398698	0	0	0	0	0	0	0	0.607	0.607
ABCA1	FLOT1	9606.ENSP00000363868	9606.ENSP00000365569	0	0	0	0	0	0.282	0	0.699	0.774
ACAA2	PDK4	9606.ENSP00000285093	9606.ENSP00000005178	0	0	0	0	0.062	0	0	0.439	0.451
ACAA2	ATP5A1	9606.ENSP00000285093	9606.ENSP00000381736	0	0	0	0	0.230	0	0	0.304	0.441
ACAA2	PCCB	9606.ENSP00000285093	9606.ENSP00000419027	0.093	0	0	0	0.112	0	0.900	0.142	0.921
ACKR1	VWF	9606.ENSP00000357103	9606.ENSP00000261405	0	0	0	0	0.326	0	0	0.204	0.441
ACKR1	CDH1	9606.ENSP00000357103	9606.ENSP00000261769	0	0	0	0	0	0	0	0.407	0.407
ACKR1	TFRC	9606.ENSP00000357103	9606.ENSP00000353224	0	0	0	0	0	0	0	0.425	0.425
ACKR1	TNF	9606.ENSP00000357103	9606.ENSP00000398698	0	0	0	0	0	0	0	0.460	0.459
ACKR1	CXCL12	9606.ENSP00000357103	9606.ENSP00000379140	0	0	0	0	0.076	0	0	0.564	0.580
ACTG2	VCL	9606.ENSP00000386857	9606.ENSP00000211998	0	0	0	0	0.063	0.077	0.600	0.524	0.813
ACTG2	WASL	9606.ENSP00000386857	9606.ENSP00000223023	0	0	0	0	0	0.369	0	0.445	0.635
ACTG2	COL1A1	9606.ENSP00000386857	9606.ENSP00000225964	0	0	0	0	0.154	0	0	0.321	0.401
ACTG2	CCT8	9606.ENSP00000386857	9606.ENSP00000286788	0	0	0	0	0.062	0.244	0	0.337	0.489
ACTG2	EEF1A1	9606.ENSP00000386857	9606.ENSP00000339063	0	0	0	0	0.185	0.257	0	0.305	0.542
ACTG2	ANXA2	9606.ENSP00000386857	9606.ENSP00000346032	0	0	0	0	0.054	0.078	0	0.379	0.411
ACTG2	FN1	9606.ENSP00000386857	9606.ENSP00000346839	0	0	0	0	0.086	0	0	0.433	0.460
ACTG2	DMD	9606.ENSP00000386857	9606.ENSP00000354923	0	0	0	0	0.062	0.160	0	0.319	0.416
ACTG2	TPM3	9606.ENSP00000386857	9606.ENSP00000357516	0	0	0	0	0.109	0.259	0.600	0.512	0.853
ACTG2	ACTR2	9606.ENSP00000386857	9606.ENSP00000367220	0	0	0	0.933	0.062	0.405	0	0.646	0.442
ACTG2	ACTN1	9606.ENSP00000386857	9606.ENSP00000377941	0	0	0	0	0.085	0.259	0	0.447	0.592
ACTG2	CCT4	9606.ENSP00000386857	9606.ENSP00000377958	0	0	0	0	0.062	0.202	0	0.313	0.441
ACTN1	VCL	9606.ENSP00000377941	9606.ENSP00000211998	0	0	0	0	0.274	0.870	0.900	0.817	0.998
ACTN1	WASL	9606.ENSP00000377941	9606.ENSP00000223023	0	0	0	0	0	0.102	0	0.437	0.472
ACTN1	CDH1	9606.ENSP00000377941	9606.ENSP00000261769	0	0	0	0	0	0.345	0.900	0.224	0.944
ACTN1	ANLN	9606.ENSP00000377941	9606.ENSP00000265748	0	0	0	0	0.062	0.420	0	0.168	0.508
ACTN1	MICALL2	9606.ENSP00000377941	9606.ENSP00000297508	0	0	0	0.564	0.065	0.497	0.800	0	0.897
ACTN1	PDLIM2	9606.ENSP00000377941	9606.ENSP00000312634	0	0	0	0	0.073	0.180	0	0.747	0.791
ACTN1	FN1	9606.ENSP00000377941	9606.ENSP00000346839	0	0	0	0	0.117	0	0	0.401	0.448
ACTN1	SPTBN1	9606.ENSP00000377941	9606.ENSP00000349259	0	0	0	0.800	0.062	0.176	0.500	0.214	0.594
ACTN1	MSN	9606.ENSP00000377941	9606.ENSP00000353408	0	0	0	0	0.081	0.062	0	0.474	0.507
ACTN1	TPM3	9606.ENSP00000377941	9606.ENSP00000357516	0	0	0	0	0.242	0.748	0	0.484	0.893
ACTN1	SRC	9606.ENSP00000377941	9606.ENSP00000362680	0	0	0	0	0.049	0.316	0.900	0.379	0.954
ACTN1	ACTR2	9606.ENSP00000377941	9606.ENSP00000367220	0	0	0	0	0.064	0.160	0	0.521	0.590
ACTN1	PDLIM5	9606.ENSP00000377941	9606.ENSP00000480359	0	0	0	0	0.073	0.327	0	0.451	0.628
ACTN1	PPP1R9B	9606.ENSP00000377941	9606.ENSP00000478767	0	0	0	0	0	0.526	0	0.529	0.767
ACTN1	YES1	9606.ENSP00000377941	9606.ENSP00000462468	0	0	0	0	0.049	0.102	0.900	0.107	0.913
ACTN1	PIK3R1	9606.ENSP00000377941	9606.ENSP00000428056	0	0	0	0	0.055	0	0.900	0.184	0.916
ACTN1	ITGB1	9606.ENSP00000377941	9606.ENSP00000379350	0	0	0	0	0.229	0.315	0.900	0.698	0.981
ACTR2	VCL	9606.ENSP00000367220	9606.ENSP00000211998	0	0	0	0	0	0.077	0	0.740	0.750
ACTR2	WASL	9606.ENSP00000367220	9606.ENSP00000223023	0	0	0	0	0	0.838	0.900	0.989	0.999
ACTR2	GNG11	9606.ENSP00000367220	9606.ENSP00000248564	0	0	0	0	0.062	0.066	0	0.474	0.499
ACTR2	YWHAH	9606.ENSP00000367220	9606.ENSP00000248975	0	0	0	0	0.530	0.102	0	0.160	0.614
ACTR2	GAB1	9606.ENSP00000367220	9606.ENSP00000262995	0	0	0	0	0	0	0.900	0.041	0.900
ACTR2	ANLN	9606.ENSP00000367220	9606.ENSP00000265748	0	0	0	0	0.062	0.439	0	0.273	0.584
ACTR2	BAIAP2	9606.ENSP00000367220	9606.ENSP00000316338	0	0	0	0	0	0	0.600	0.404	0.751
ACTR2	RIOK3	9606.ENSP00000367220	9606.ENSP00000341874	0	0	0	0	0.062	0	0	0.438	0.450
ACTR2	ANXA2	9606.ENSP00000367220	9606.ENSP00000346032	0	0	0	0	0	0.078	0	0.456	0.477
ACTR2	MSN	9606.ENSP00000367220	9606.ENSP00000353408	0	0	0	0	0.091	0.076	0	0.429	0.478
ACTR2	NCKAP1	9606.ENSP00000367220	9606.ENSP00000354251	0	0	0	0	0.073	0.073	0.900	0.702	0.970
ACTR2	TPM3	9606.ENSP00000367220	9606.ENSP00000357516	0	0	0	0	0.412	0.226	0	0.513	0.759
ACTR2	SRC	9606.ENSP00000367220	9606.ENSP00000362680	0	0	0	0	0.081	0.078	0	0.481	0.522
ACTR2	SEPT2	9606.ENSP00000367220	9606.ENSP00000479861	0	0	0	0	0.202	0.064	0	0.329	0.456
ACTR2	AHNAK	9606.ENSP00000367220	9606.ENSP00000367263	0	0	0	0	0	0	0	0.663	0.663
ACTR2	ARF1	9606.ENSP00000367220	9606.ENSP00000440005	0	0	0	0	0.115	0.104	0.900	0.155	0.924
ADAM8	MMP9	9606.ENSP00000453302	9606.ENSP00000361405	0	0	0	0	0.201	0	0	0.378	0.482
ADAM8	SRC	9606.ENSP00000453302	9606.ENSP00000362680	0	0	0	0	0.065	0.128	0	0.328	0.404
ADAM8	ITGB1	9606.ENSP00000453302	9606.ENSP00000379350	0	0	0	0	0.062	0	0.900	0.217	0.920
ADAMDEC1	DUOXA2	9606.ENSP00000256412	9606.ENSP00000319705	0	0	0	0	0.062	0	0	0.581	0.591
AFF1	MLLT1	9606.ENSP00000378578	9606.ENSP00000252674	0	0	0	0	0	0.872	0	0.988	0.998
AFF1	MLLT4	9606.ENSP00000378578	9606.ENSP00000375960	0	0	0	0	0	0	0	0.695	0.695
AHDC1	SCPEP1	9606.ENSP00000363123	9606.ENSP00000262288	0	0	0	0	0	0	0	0.617	0.617
AHNAK	CDH1	9606.ENSP00000367263	9606.ENSP00000261769	0	0	0	0	0	0.097	0	0.444	0.476
AHNAK	SRRM2	9606.ENSP00000367263	9606.ENSP00000301740	0	0	0	0	0.081	0	0	0.539	0.559
AHNAK	ANXA2	9606.ENSP00000367263	9606.ENSP00000346032	0	0	0	0	0.157	0.574	0.800	0.989	0.999
AHNAK	DMD	9606.ENSP00000367263	9606.ENSP00000354923	0	0	0	0	0.054	0.345	0	0.293	0.524
AHNAK	PRKCA	9606.ENSP00000367263	9606.ENSP00000408695	0	0	0	0	0	0	0	0.726	0.726
AKR1C1	HMOX1	9606.ENSP00000370254	9606.ENSP00000216117	0	0	0	0	0	0	0	0.470	0.470
ALDH1A2	CYP3A5	9606.ENSP00000249750	9606.ENSP00000222982	0	0	0	0	0.064	0.061	0.900	0.071	0.907
ALDH1A2	FOXP1	9606.ENSP00000249750	9606.ENSP00000484803	0	0	0	0	0	0.056	0	0.474	0.482
ALDH1A2	CLEC7A	9606.ENSP00000249750	9606.ENSP00000302569	0	0	0	0	0	0	0	0.535	0.535
ALDH1A2	RDH11	9606.ENSP00000249750	9606.ENSP00000370750	0	0	0	0	0.065	0.105	0.900	0.622	0.964
ANLN	MCM6	9606.ENSP00000265748	9606.ENSP00000264156	0	0	0	0	0.411	0	0	0.107	0.451
ANLN	CLIC4	9606.ENSP00000265748	9606.ENSP00000363500	0	0	0	0	0.098	0	0	0.373	0.410
ANLN	CD109	9606.ENSP00000265748	9606.ENSP00000287097	0	0	0	0	0	0.270	0	0.243	0.424
ANLN	SPTBN1	9606.ENSP00000265748	9606.ENSP00000349259	0	0	0	0	0	0.416	0	0.072	0.435
ANLN	TPM3	9606.ENSP00000265748	9606.ENSP00000357516	0	0	0	0	0.062	0.418	0	0.098	0.465
ANLN	YES1	9606.ENSP00000265748	9606.ENSP00000462468	0	0	0	0	0.085	0.433	0	0.063	0.472
ANLN	SEPT2	9606.ENSP00000265748	9606.ENSP00000479861	0	0	0	0	0.063	0.623	0	0.761	0.908
ANLN	CD2AP	9606.ENSP00000265748	9606.ENSP00000352264	0	0	0	0	0.062	0.354	0	0.943	0.963
ANTXR2	VWF	9606.ENSP00000306185	9606.ENSP00000261405	0	0	0	0	0	0	0	0.719	0.720
ANXA2	CFTR	9606.ENSP00000346032	9606.ENSP00000003084	0	0	0	0	0	0.044	0	0.527	0.529
ANXA2	MMP2	9606.ENSP00000346032	9606.ENSP00000219070	0	0	0	0	0.107	0.270	0	0.509	0.652
ANXA2	SNAP23	9606.ENSP00000346032	9606.ENSP00000249647	0	0	0	0	0	0	0	0.980	0.980
ANXA2	CDH1	9606.ENSP00000346032	9606.ENSP00000261769	0	0	0	0	0	0.115	0	0.497	0.536
ANXA2	STAT3	9606.ENSP00000346032	9606.ENSP00000264657	0	0	0	0	0.062	0.270	0	0.744	0.809
ANXA2	NCL	9606.ENSP00000346032	9606.ENSP00000318195	0	0	0	0	0	0	0	0.688	0.688
ANXA2	EEF1A1	9606.ENSP00000346032	9606.ENSP00000339063	0	0	0	0	0.062	0	0	0.413	0.425
ANXA2	ITGB1	9606.ENSP00000346032	9606.ENSP00000379350	0	0	0	0	0.175	0	0	0.337	0.429
ANXA2	MMP9	9606.ENSP00000346032	9606.ENSP00000361405	0	0	0	0	0.064	0	0	0.421	0.434
ANXA2	TNF	9606.ENSP00000346032	9606.ENSP00000398698	0	0	0	0	0	0	0	0.457	0.457
ANXA2	MSN	9606.ENSP00000346032	9606.ENSP00000353408	0	0	0	0	0.100	0.056	0	0.459	0.500
ANXA2	FLOT1	9606.ENSP00000346032	9606.ENSP00000365569	0	0	0	0	0	0	0	0.526	0.526
ANXA2	FN1	9606.ENSP00000346032	9606.ENSP00000346839	0	0	0	0	0.107	0.074	0	0.519	0.568
ANXA2	SRC	9606.ENSP00000346032	9606.ENSP00000362680	0	0	0	0	0	0.213	0	0.502	0.591
ANXA2	CXCL12	9606.ENSP00000346032	9606.ENSP00000379140	0	0	0	0	0	0	0	0.891	0.891
APOC1	SAA4	9606.ENSP00000465356	9606.ENSP00000278222	0	0	0	0	0.097	0	0.540	0.471	0.761
APOC1	SERPINA1	9606.ENSP00000465356	9606.ENSP00000416066	0	0	0	0	0.112	0	0	0.405	0.449
ARF1	PPP2CB	9606.ENSP00000440005	9606.ENSP00000221138	0	0	0.320	0	0.068	0.105	0	0.076	0.405
ARF1	WASL	9606.ENSP00000440005	9606.ENSP00000223023	0	0	0	0	0	0.176	0	0.445	0.523
ARF1	EREG	9606.ENSP00000440005	9606.ENSP00000244869	0	0	0	0	0	0	0.900	0	0.900
ARF1	COPB1	9606.ENSP00000440005	9606.ENSP00000249923	0	0	0	0	0.101	0.829	0.600	0.714	0.980
ARF1	RHEB	9606.ENSP00000440005	9606.ENSP00000262187	0	0	0	0	0.080	0	0	0.403	0.428
ARF1	ELMOD2	9606.ENSP00000440005	9606.ENSP00000326342	0	0	0	0	0.066	0	0	0.435	0.450
ARF1	EEF1A1	9606.ENSP00000440005	9606.ENSP00000339063	0	0	0	0	0.062	0.101	0	0.468	0.513
ARF1	SPTBN1	9606.ENSP00000440005	9606.ENSP00000349259	0	0	0	0	0.068	0.076	0.600	0.058	0.632
ARF1	IGF2R	9606.ENSP00000440005	9606.ENSP00000349437	0	0	0	0	0	0	0.600	0.332	0.721
ARF1	TFRC	9606.ENSP00000440005	9606.ENSP00000353224	0	0	0	0	0	0.056	0.600	0.425	0.764
ARF1	NCKAP1	9606.ENSP00000440005	9606.ENSP00000354251	0	0	0	0	0.062	0.150	0.800	0.149	0.846
ARF1	SRC	9606.ENSP00000440005	9606.ENSP00000362680	0	0	0	0	0.068	0.140	0	0.384	0.463
ARF1	SNX5	9606.ENSP00000440005	9606.ENSP00000366998	0	0	0	0	0.060	0	0.600	0.192	0.670
ARF1	HLA-DPB1	9606.ENSP00000440005	9606.ENSP00000408146	0	0	0	0	0	0	0.600	0	0.600
ARF1	PIK3R1	9606.ENSP00000440005	9606.ENSP00000428056	0	0	0	0	0	0.058	0.900	0.083	0.906
ARF1	CLINT1	9606.ENSP00000440005	9606.ENSP00000429824	0	0	0	0	0.062	0	0	0.401	0.414
ARHGDIB	MSN	9606.ENSP00000228945	9606.ENSP00000353408	0	0	0	0	0.146	0.155	0	0.244	0.407
ARHGDIB	CD53	9606.ENSP00000228945	9606.ENSP00000271324	0	0	0	0	0.556	0	0	0.123	0.594
ARHGDIB	MAP3K13	9606.ENSP00000228945	9606.ENSP00000265026	0	0	0	0	0	0	0	0.667	0.667
ASPN	COL1A1	9606.ENSP00000364694	9606.ENSP00000225964	0	0	0	0	0.380	0.076	0	0.450	0.657
ASPN	OGN	9606.ENSP00000364694	9606.ENSP00000262551	0	0	0	0.615	0.749	0	0	0.784	0.824
ASPN	COL3A1	9606.ENSP00000364694	9606.ENSP00000304408	0	0	0	0	0.734	0.076	0	0.457	0.854
ASPN	COL12A1	9606.ENSP00000364694	9606.ENSP00000325146	0	0	0	0	0.211	0.076	0	0.320	0.461
ASPN	FN1	9606.ENSP00000364694	9606.ENSP00000346839	0	0	0	0	0.084	0	0	0.372	0.400
ASPN	SFRP4	9606.ENSP00000364694	9606.ENSP00000410715	0	0	0	0	0.726	0	0	0.179	0.765
ATP13A3	PDZRN3	9606.ENSP00000416508	9606.ENSP00000263666	0	0	0	0	0.458	0.058	0	0	0.467
ATP5A1	PSMA3	9606.ENSP00000381736	9606.ENSP00000216455	0	0	0	0	0.149	0.356	0	0.101	0.465
ATP5A1	IDH3G	9606.ENSP00000381736	9606.ENSP00000217901	0.084	0	0	0	0.284	0.365	0.900	0.340	0.967
ATP5A1	PRDX3	9606.ENSP00000381736	9606.ENSP00000298510	0	0	0	0	0.356	0.118	0	0.335	0.589
ATP5A1	ATP5H	9606.ENSP00000381736	9606.ENSP00000301587	0	0	0	0	0.828	0.990	0.900	0.793	0.999
ATP5A1	RPS9	9606.ENSP00000381736	9606.ENSP00000302896	0	0	0	0	0.428	0	0	0.319	0.594
ATP5A1	EEF1A1	9606.ENSP00000381736	9606.ENSP00000339063	0	0	0	0	0.242	0.114	0	0.406	0.566
ATP5A1	SDHD	9606.ENSP00000381736	9606.ENSP00000364699	0	0	0	0	0.488	0	0	0.310	0.632
ATP5A1	HSPD1	9606.ENSP00000381736	9606.ENSP00000373620	0	0	0	0	0.238	0.154	0.900	0.576	0.969
ATP5A1	ATP5G2	9606.ENSP00000381736	9606.ENSP00000377878	0.154	0	0	0	0.585	0.749	0.600	0.532	0.980
ATP5A1	PCCB	9606.ENSP00000381736	9606.ENSP00000419027	0	0	0	0	0.195	0	0	0.302	0.414
ATP5A1	RPS14	9606.ENSP00000381736	9606.ENSP00000385958	0.191	0	0	0	0.461	0	0	0.150	0.597
ATP5A1	UQCRB	9606.ENSP00000381736	9606.ENSP00000430494	0	0	0	0	0.184	0.128	0	0.713	0.778
ATP5A1	VDAC3	9606.ENSP00000381736	9606.ENSP00000428845	0	0	0	0	0.563	0.439	0	0.522	0.873
ATP5A1	COX4I1	9606.ENSP00000381736	9606.ENSP00000457513	0	0	0	0	0.359	0.693	0	0.649	0.924
ATP5G2	COX6A1	9606.ENSP00000377878	9606.ENSP00000229379	0	0	0	0	0.216	0.144	0	0.571	0.687
ATP5G2	ATP5H	9606.ENSP00000377878	9606.ENSP00000301587	0	0	0	0	0.586	0.736	0.800	0.595	0.989
ATP5G2	COX4I1	9606.ENSP00000377878	9606.ENSP00000457513	0	0	0	0	0.259	0	0	0.292	0.453
ATP5H	PSMA3	9606.ENSP00000301587	9606.ENSP00000216455	0	0	0	0	0.298	0	0	0.215	0.426
ATP5H	COX6A1	9606.ENSP00000301587	9606.ENSP00000229379	0	0	0	0	0.730	0	0	0.370	0.822
ATP5H	CHCHD3	9606.ENSP00000301587	9606.ENSP00000262570	0	0	0	0	0.401	0	0	0.157	0.474
ATP5H	GUCY1A2	9606.ENSP00000301587	9606.ENSP00000282249	0	0	0	0	0	0	0	0.468	0.468
ATP5H	PRDX3	9606.ENSP00000301587	9606.ENSP00000298510	0	0	0	0	0.483	0.184	0	0.384	0.718
ATP5H	RPL35A	9606.ENSP00000301587	9606.ENSP00000419117	0	0	0	0	0.414	0	0	0	0.414
ATP5H	RPS9	9606.ENSP00000301587	9606.ENSP00000302896	0	0	0	0	0.565	0	0	0	0.565
ATP5H	HSPD1	9606.ENSP00000301587	9606.ENSP00000373620	0	0	0	0	0.151	0.109	0	0.512	0.600
ATP5H	RPS14	9606.ENSP00000301587	9606.ENSP00000385958	0	0	0	0	0.492	0.248	0	0	0.601
ATP5H	VDAC3	9606.ENSP00000301587	9606.ENSP00000428845	0	0	0	0	0.310	0.486	0	0.227	0.702
ATP5H	RPL13	9606.ENSP00000301587	9606.ENSP00000307889	0	0	0	0	0.752	0.248	0	0	0.805
ATP5H	SDHD	9606.ENSP00000301587	9606.ENSP00000364699	0	0	0	0	0.745	0	0	0.307	0.816
ATP5H	RPL18	9606.ENSP00000301587	9606.ENSP00000447001	0	0	0	0	0.818	0	0	0.211	0.850
ATP5H	COX4I1	9606.ENSP00000301587	9606.ENSP00000457513	0	0	0	0	0.869	0.396	0	0.331	0.942
ATP5H	UQCRB	9606.ENSP00000301587	9606.ENSP00000430494	0	0	0	0	0.883	0.128	0	0.715	0.968
B4GALT1	OGN	9606.ENSP00000369055	9606.ENSP00000262551	0	0	0	0	0	0	0.900	0.048	0.900
B4GALT1	CLEC7A	9606.ENSP00000369055	9606.ENSP00000302569	0	0	0	0	0	0	0	0.565	0.565
B4GALT1	TFRC	9606.ENSP00000369055	9606.ENSP00000353224	0	0	0	0	0	0.270	0	0.223	0.409
B4GALT1	SLC2A1	9606.ENSP00000369055	9606.ENSP00000416293	0	0	0	0	0	0	0	0.445	0.445
B4GALT1	SLC35A2	9606.ENSP00000369055	9606.ENSP00000416002	0	0	0	0	0.062	0	0	0.663	0.671
BAG6	HMOX1	9606.ENSP00000365131	9606.ENSP00000216117	0	0	0	0	0	0	0.600	0	0.600
BAG6	HAVCR2	9606.ENSP00000365131	9606.ENSP00000312002	0	0	0	0	0	0.495	0	0.944	0.970
BAIAP2	WASL	9606.ENSP00000316338	9606.ENSP00000223023	0	0	0	0	0	0.196	0.900	0.828	0.984
BAIAP2	EPB41L4A	9606.ENSP00000316338	9606.ENSP00000261486	0	0	0	0	0	0	0	0.668	0.668
BAIAP2	IFT80	9606.ENSP00000316338	9606.ENSP00000312778	0	0	0	0	0	0	0	0.461	0.461
BAIAP2	RDH11	9606.ENSP00000316338	9606.ENSP00000370750	0	0	0	0	0	0	0	0.438	0.438
BAIAP2	SRC	9606.ENSP00000316338	9606.ENSP00000362680	0	0	0	0	0.082	0	0	0.420	0.445
BAIAP2	SCD	9606.ENSP00000316338	9606.ENSP00000359380	0	0	0	0	0	0	0	0.460	0.460
BAIAP2	FBXL16	9606.ENSP00000316338	9606.ENSP00000380746	0	0	0	0	0.076	0	0	0.577	0.592
BAIAP2	PPP1R9B	9606.ENSP00000316338	9606.ENSP00000478767	0	0	0	0	0.076	0.373	0	0.388	0.614
BAIAP2	NCKAP1	9606.ENSP00000316338	9606.ENSP00000354251	0	0	0	0	0.062	0.728	0.900	0.357	0.981
BCL3	TNF	9606.ENSP00000164227	9606.ENSP00000398698	0	0	0	0	0.122	0	0	0.361	0.415
BCL3	STAT1	9606.ENSP00000164227	9606.ENSP00000354394	0	0	0	0	0.088	0.282	0	0.202	0.432
BCL3	IRAK3	9606.ENSP00000164227	9606.ENSP00000261233	0	0	0	0	0.083	0.120	0	0.412	0.484
BCL3	STAT3	9606.ENSP00000164227	9606.ENSP00000264657	0	0	0	0	0.109	0.282	0	0.429	0.603
BHLHE41	TEF	9606.ENSP00000242728	9606.ENSP00000266304	0	0	0	0	0.121	0.057	0	0.532	0.578
BHLHE41	FBXW11	9606.ENSP00000242728	9606.ENSP00000265094	0	0	0	0	0	0.592	0	0.438	0.761
BHLHE41	RORB	9606.ENSP00000242728	9606.ENSP00000366093	0	0	0	0	0.064	0	0	0.767	0.772
BICD2	DYNC2H1	9606.ENSP00000349351	9606.ENSP00000381167	0	0	0	0	0	0.120	0	0.393	0.443
BICD2	KIF1A	9606.ENSP00000349351	9606.ENSP00000438388	0	0	0	0	0.062	0.077	0	0.647	0.668
BROX	DDAH1	9606.ENSP00000343742	9606.ENSP00000284031	0	0	0	0	0.071	0	0	0.490	0.506
BROX	HPS6	9606.ENSP00000343742	9606.ENSP00000299238	0	0	0	0	0.070	0	0	0.659	0.670
C3orf17	SLC18A2	9606.ENSP00000320251	9606.ENSP00000298472	0	0	0	0	0	0	0	0.444	0.444
CA3	SLC2A5	9606.ENSP00000285381	9606.ENSP00000366641	0	0	0	0	0	0	0	0.764	0.764
CAPS	RANBP3	9606.ENSP00000484912	9606.ENSP00000341483	0	0	0	0	0	0	0	0.906	0.906
CARNS1	GLS	9606.ENSP00000389009	9606.ENSP00000317379	0	0	0	0	0	0	0.800	0.101	0.812
CASP10	PIK3R1	9606.ENSP00000286186	9606.ENSP00000428056	0	0	0	0	0	0	0	0.441	0.441
CASP10	TNF	9606.ENSP00000286186	9606.ENSP00000398698	0	0	0	0	0.062	0.058	0	0.612	0.627
CASP10	EIF4G2	9606.ENSP00000286186	9606.ENSP00000433664	0	0	0	0	0	0.057	0.900	0	0.901
CAST	ITGB1	9606.ENSP00000379157	9606.ENSP00000379350	0	0	0	0	0.069	0	0.900	0	0.902
CBLN4	PDLIM5	9606.ENSP00000064571	9606.ENSP00000480359	0	0	0	0	0	0	0	0.458	0.458
CCDC14	CCP110	9606.ENSP00000420180	9606.ENSP00000370803	0	0	0	0	0.084	0.226	0	0.479	0.599
CCND3	RBL2	9606.ENSP00000362082	9606.ENSP00000262133	0	0	0	0	0.062	0.811	0.900	0.621	0.992
CCND3	STAT3	9606.ENSP00000362082	9606.ENSP00000264657	0	0	0	0	0.062	0.139	0	0.475	0.539
CCND3	CCNK	9606.ENSP00000362082	9606.ENSP00000374529	0	0	0	0	0.062	0.077	0.720	0.297	0.806
CCND3	SRC	9606.ENSP00000362082	9606.ENSP00000362680	0	0	0	0	0.062	0	0.900	0.297	0.928
CCNK	MLLT1	9606.ENSP00000374529	9606.ENSP00000252674	0	0	0	0	0.062	0	0.600	0.300	0.714
CCNK	TCEA1	9606.ENSP00000374529	9606.ENSP00000428426	0	0	0	0	0.062	0.080	0.600	0.235	0.700
CCP110	USP33	9606.ENSP00000370803	9606.ENSP00000359829	0	0	0	0	0.063	0.270	0.600	0.617	0.881
CCP110	RAB3IP	9606.ENSP00000370803	9606.ENSP00000447300	0	0	0	0	0	0	0	0.570	0.570
CCT4	PSMA3	9606.ENSP00000377958	9606.ENSP00000216455	0	0	0.370	0	0.942	0.282	0	0.236	0.977
CCT4	PPP2CB	9606.ENSP00000377958	9606.ENSP00000221138	0	0	0	0	0.084	0.992	0	0.055	0.993
CCT4	CNOT2	9606.ENSP00000377958	9606.ENSP00000229195	0	0	0	0	0.066	0	0	0.596	0.606
CCT4	GNG11	9606.ENSP00000377958	9606.ENSP00000248564	0	0	0	0	0	0	0.650	0	0.650
CCT4	STAT3	9606.ENSP00000377958	9606.ENSP00000264657	0	0	0	0	0	0	0.600	0.094	0.622
CCT4	CCT8	9606.ENSP00000377958	9606.ENSP00000286788	0	0	0.310	0.772	0.992	0.996	0.900	0.924	0.999
CCT4	RPS9	9606.ENSP00000377958	9606.ENSP00000302896	0	0	0	0	0.884	0.059	0	0.101	0.893
CCT4	RPL13	9606.ENSP00000377958	9606.ENSP00000307889	0	0	0	0	0.909	0	0	0	0.909
CCT4	NUDC	9606.ENSP00000377958	9606.ENSP00000319664	0	0	0	0	0.746	0	0	0.043	0.746
CCT4	TUBA1B	9606.ENSP00000377958	9606.ENSP00000336799	0	0	0	0	0.209	0.266	0.600	0.095	0.761
CCT4	EEF1A1	9606.ENSP00000377958	9606.ENSP00000339063	0	0	0.322	0	0.883	0.058	0	0.632	0.969
CCT4	HUWE1	9606.ENSP00000377958	9606.ENSP00000340648	0	0	0	0	0.067	0.369	0	0.062	0.400
CCT4	TFB2M	9606.ENSP00000377958	9606.ENSP00000355471	0.050	0	0	0	0.315	0.089	0	0.107	0.400
CCT4	STK24	9606.ENSP00000377958	9606.ENSP00000365730	0	0	0	0	0	0.914	0	0	0.914
CCT4	HSPD1	9606.ENSP00000377958	9606.ENSP00000373620	0	0	0	0.555	0.832	0	0	0.602	0.876
CCT4	RPL18	9606.ENSP00000377958	9606.ENSP00000447001	0	0	0	0	0.668	0	0	0.161	0.710
CCT4	RPS14	9606.ENSP00000377958	9606.ENSP00000385958	0.041	0	0.299	0	0.677	0	0	0.107	0.780
CCT4	RPL35A	9606.ENSP00000377958	9606.ENSP00000419117	0	0	0	0	0.877	0	0	0.059	0.880
CCT8	PSMA3	9606.ENSP00000286788	9606.ENSP00000216455	0	0	0.323	0	0.924	0.284	0	0.067	0.961
CCT8	PPP2CB	9606.ENSP00000286788	9606.ENSP00000221138	0	0	0	0	0.062	0.992	0	0	0.992
CCT8	GNG11	9606.ENSP00000286788	9606.ENSP00000248564	0	0	0	0	0	0	0.650	0	0.650
CCT8	CHCHD3	9606.ENSP00000286788	9606.ENSP00000262570	0	0	0	0	0.169	0	0	0.351	0.438
CCT8	STAT3	9606.ENSP00000286788	9606.ENSP00000264657	0	0	0	0	0	0	0.600	0.060	0.607
CCT8	HNRNPM	9606.ENSP00000286788	9606.ENSP00000325376	0	0	0	0	0.401	0.061	0	0.107	0.455
CCT8	RPS14	9606.ENSP00000286788	9606.ENSP00000385958	0	0	0	0	0.554	0	0	0	0.554
CCT8	RPL18	9606.ENSP00000286788	9606.ENSP00000447001	0	0	0	0	0.584	0	0	0.120	0.619
CCT8	RPL35A	9606.ENSP00000286788	9606.ENSP00000419117	0	0	0	0	0.737	0	0	0	0.737
CCT8	NUDC	9606.ENSP00000286788	9606.ENSP00000319664	0	0	0	0	0.740	0	0	0.048	0.742
CCT8	RPS9	9606.ENSP00000286788	9606.ENSP00000302896	0	0	0	0	0.740	0	0	0.053	0.744
CCT8	RPL13	9606.ENSP00000286788	9606.ENSP00000307889	0	0	0	0	0.757	0	0	0	0.757
CCT8	TUBA1B	9606.ENSP00000286788	9606.ENSP00000336799	0	0	0	0	0.158	0.307	0.600	0.131	0.770
CCT8	EEF1A1	9606.ENSP00000286788	9606.ENSP00000339063	0	0	0.233	0	0.748	0.056	0	0.106	0.815
CCT8	HSPD1	9606.ENSP00000286788	9606.ENSP00000373620	0	0	0	0	0.415	0.298	0	0.591	0.817
CCT8	STK24	9606.ENSP00000286788	9606.ENSP00000365730	0	0	0	0	0.063	0.922	0	0.131	0.931
CD2AP	WASL	9606.ENSP00000352264	9606.ENSP00000223023	0	0	0	0	0	0.101	0	0.530	0.561
CD2AP	CDH1	9606.ENSP00000352264	9606.ENSP00000261769	0	0	0	0	0.082	0.392	0	0.482	0.687
CD2AP	SCPEP1	9606.ENSP00000352264	9606.ENSP00000262288	0	0	0	0	0	0.681	0	0	0.681
CD2AP	MICALL2	9606.ENSP00000352264	9606.ENSP00000297508	0	0	0	0	0	0.056	0.540	0	0.547
CD2AP	PDLIM2	9606.ENSP00000352264	9606.ENSP00000312634	0	0	0	0	0	0	0.540	0	0.540
CD2AP	SNX18	9606.ENSP00000352264	9606.ENSP00000317332	0	0	0	0	0	0	0	0.463	0.463
CD2AP	LRRC16A	9606.ENSP00000352264	9606.ENSP00000331983	0	0	0	0	0.062	0	0.720	0.476	0.850
CD2AP	CD58	9606.ENSP00000352264	9606.ENSP00000358501	0	0	0	0	0	0	0	0.414	0.414
CD2AP	PDLIM5	9606.ENSP00000352264	9606.ENSP00000480359	0	0	0	0	0.062	0	0.540	0	0.550
CD2AP	NCKAP1	9606.ENSP00000352264	9606.ENSP00000354251	0	0	0	0	0.062	0	0.540	0.043	0.551
CD2AP	SRC	9606.ENSP00000352264	9606.ENSP00000362680	0	0	0	0	0	0.226	0	0.485	0.585
CD2AP	PSEN2	9606.ENSP00000352264	9606.ENSP00000355747	0	0	0	0	0	0	0	0.605	0.605
CD2AP	PLCE1	9606.ENSP00000352264	9606.ENSP00000360431	0	0	0	0	0	0.056	0	0.744	0.748
CD2AP	PIK3R1	9606.ENSP00000352264	9606.ENSP00000428056	0	0	0	0	0	0.225	0.900	0.112	0.925
CD53	CD58	9606.ENSP00000271324	9606.ENSP00000358501	0	0	0	0	0	0	0	0.414	0.414
CD53	ITGAX	9606.ENSP00000271324	9606.ENSP00000454623	0	0	0	0	0.285	0.058	0	0.218	0.427
CD53	EPB41L2	9606.ENSP00000271324	9606.ENSP00000338481	0	0	0	0	0	0	0	0.444	0.444
CD58	TFRC	9606.ENSP00000358501	9606.ENSP00000353224	0	0	0	0	0.062	0	0	0.401	0.414
CD58	SLAMF9	9606.ENSP00000358501	9606.ENSP00000357072	0	0	0	0	0.063	0	0	0.550	0.561
CD58	ITGAX	9606.ENSP00000358501	9606.ENSP00000454623	0	0	0	0	0.049	0	0	0.469	0.473
CD58	TNF	9606.ENSP00000358501	9606.ENSP00000398698	0	0	0	0	0.069	0	0	0.505	0.519
CD58	ITGB1	9606.ENSP00000358501	9606.ENSP00000379350	0	0	0	0	0.062	0.128	0	0.509	0.563
CDH1	CFTR	9606.ENSP00000261769	9606.ENSP00000003084	0	0	0	0	0.085	0.115	0	0.388	0.462
CDH1	DCN	9606.ENSP00000261769	9606.ENSP00000052754	0	0	0	0	0	0.056	0	0.466	0.474
CDH1	VCL	9606.ENSP00000261769	9606.ENSP00000211998	0	0	0	0	0.062	0.690	0.900	0.986	0.999
CDH1	MMP2	9606.ENSP00000261769	9606.ENSP00000219070	0	0	0	0	0	0.058	0	0.777	0.781
CDH1	WASL	9606.ENSP00000261769	9606.ENSP00000223023	0	0	0	0	0	0	0	0.552	0.552
CDH1	COL1A1	9606.ENSP00000261769	9606.ENSP00000225964	0	0	0	0	0	0.056	0	0.427	0.436
CDH1	MMP8	9606.ENSP00000261769	9606.ENSP00000236826	0	0	0	0	0	0.058	0	0.587	0.594
CDH1	SOX4	9606.ENSP00000261769	9606.ENSP00000244745	0	0	0	0	0.065	0	0	0.467	0.480
CDH1	TBX3	9606.ENSP00000261769	9606.ENSP00000257566	0	0	0	0	0.062	0	0	0.413	0.425
CDH1	SLC2A1	9606.ENSP00000261769	9606.ENSP00000416293	0	0	0	0	0	0.056	0	0.391	0.400
CDH1	ITGAX	9606.ENSP00000261769	9606.ENSP00000454623	0	0	0	0	0	0.056	0	0.391	0.400
CDH1	SELE	9606.ENSP00000261769	9606.ENSP00000331736	0	0	0	0	0	0.056	0	0.393	0.402
CDH1	MUC4	9606.ENSP00000261769	9606.ENSP00000417498	0	0	0	0	0.088	0	0	0.391	0.420
CDH1	PRKCA	9606.ENSP00000261769	9606.ENSP00000408695	0	0	0	0	0	0	0	0.426	0.426
CDH1	STAT1	9606.ENSP00000261769	9606.ENSP00000354394	0	0	0	0	0	0.097	0	0.404	0.439
CDH1	PTCH1	9606.ENSP00000261769	9606.ENSP00000332353	0	0	0	0	0	0	0	0.457	0.457
CDH1	FLG	9606.ENSP00000261769	9606.ENSP00000357789	0	0	0	0	0	0.056	0	0.452	0.460
CDH1	HSPD1	9606.ENSP00000261769	9606.ENSP00000373620	0	0	0	0	0	0.417	0	0.123	0.466
CDH1	SCPEP1	9606.ENSP00000261769	9606.ENSP00000262288	0	0	0	0	0	0	0	0.475	0.475
CDH1	EPB41L1	9606.ENSP00000261769	9606.ENSP00000337168	0	0	0	0	0	0.097	0	0.456	0.488
CDH1	YES1	9606.ENSP00000261769	9606.ENSP00000462468	0	0	0	0	0.049	0.282	0	0.343	0.512
CDH1	RUNX3	9606.ENSP00000261769	9606.ENSP00000382800	0	0	0	0	0	0	0	0.517	0.517
CDH1	MSN	9606.ENSP00000261769	9606.ENSP00000353408	0	0	0	0	0	0.073	0	0.505	0.521
CDH1	CXCL12	9606.ENSP00000261769	9606.ENSP00000379140	0	0	0	0	0	0	0	0.561	0.561
CDH1	DAPK1	9606.ENSP00000261769	9606.ENSP00000386135	0	0	0	0	0.062	0	0	0.556	0.565
CDH1	TNF	9606.ENSP00000261769	9606.ENSP00000398698	0	0	0	0	0	0.056	0	0.646	0.652
CDH1	TWIST2	9606.ENSP00000261769	9606.ENSP00000482581	0	0	0	0	0	0	0	0.685	0.685
CDH1	PGR	9606.ENSP00000261769	9606.ENSP00000325120	0	0	0	0	0.065	0	0	0.681	0.688
CDH1	LEF1	9606.ENSP00000261769	9606.ENSP00000265165	0	0	0	0	0.049	0.062	0	0.693	0.703
CDH1	ITGB1	9606.ENSP00000261769	9606.ENSP00000379350	0	0	0	0	0	0.116	0	0.690	0.715
CDH1	STAT3	9606.ENSP00000261769	9606.ENSP00000264657	0	0	0	0	0	0	0	0.718	0.718
CDH1	TSPAN8	9606.ENSP00000261769	9606.ENSP00000377003	0	0	0	0	0.091	0.056	0	0.834	0.845
CDH1	FN1	9606.ENSP00000261769	9606.ENSP00000346839	0	0	0	0	0	0	0	0.869	0.869
CDH1	SKIL	9606.ENSP00000261769	9606.ENSP00000415243	0	0	0	0	0	0	0.900	0.268	0.923
CDH1	FLOT1	9606.ENSP00000261769	9606.ENSP00000365569	0	0	0	0	0	0.097	0.900	0.260	0.927
CDH1	PIK3R1	9606.ENSP00000261769	9606.ENSP00000428056	0	0	0	0	0	0.182	0.900	0.328	0.940
CDH1	ZBTB33	9606.ENSP00000261769	9606.ENSP00000314153	0	0	0	0	0	0.056	0.900	0.749	0.974
CDH1	MMP9	9606.ENSP00000261769	9606.ENSP00000361405	0	0	0	0	0	0.058	0.900	0.835	0.983
CDH1	MLLT4	9606.ENSP00000261769	9606.ENSP00000375960	0	0	0	0	0.074	0.177	0.900	0.965	0.997
CDH1	SRC	9606.ENSP00000261769	9606.ENSP00000362680	0	0	0	0	0.049	0.816	0.900	0.958	0.999
CFTR	CLDN10	9606.ENSP00000003084	9606.ENSP00000299339	0	0	0	0	0	0	0	0.415	0.415
CFTR	TPM3	9606.ENSP00000003084	9606.ENSP00000357516	0	0	0	0	0	0.117	0	0.379	0.429
CFTR	PDE4A	9606.ENSP00000003084	9606.ENSP00000370078	0	0	0	0	0	0	0	0.434	0.434
CFTR	DMD	9606.ENSP00000003084	9606.ENSP00000354923	0	0	0	0	0	0	0	0.441	0.441
CFTR	MLLT4	9606.ENSP00000003084	9606.ENSP00000375960	0	0	0	0	0	0	0	0.474	0.474
CFTR	MSN	9606.ENSP00000003084	9606.ENSP00000353408	0	0	0	0	0	0.051	0	0.517	0.522
CFTR	TNF	9606.ENSP00000003084	9606.ENSP00000398698	0	0	0	0	0	0	0	0.531	0.532
CFTR	MUC5B	9606.ENSP00000003084	9606.ENSP00000436812	0	0	0	0	0	0.078	0	0.529	0.547
CFTR	SERPINA1	9606.ENSP00000003084	9606.ENSP00000416066	0	0	0	0	0	0.051	0	0.565	0.569
CFTR	CLIC4	9606.ENSP00000003084	9606.ENSP00000363500	0	0	0	0	0	0	0.540	0.209	0.620
CFTR	SNAP23	9606.ENSP00000003084	9606.ENSP00000249647	0	0	0	0	0	0.270	0	0.518	0.633
CFTR	TFRC	9606.ENSP00000003084	9606.ENSP00000353224	0	0	0	0	0	0	0.500	0.382	0.677
CFTR	SRC	9606.ENSP00000003084	9606.ENSP00000362680	0	0	0	0	0	0.060	0	0.822	0.826
CFTR	SCNN1A	9606.ENSP00000003084	9606.ENSP00000353292	0	0	0	0	0.056	0	0	0.869	0.871
CFTR	CXCL12	9606.ENSP00000003084	9606.ENSP00000379140	0	0	0	0	0	0	0.900	0.113	0.907
CFTR	PSMA3	9606.ENSP00000003084	9606.ENSP00000216455	0	0	0	0	0.062	0.300	0.900	0.124	0.934
CHCHD3	TIMM13	9606.ENSP00000262570	9606.ENSP00000215570	0	0	0	0	0.091	0	0.900	0.182	0.919
CHCHD3	COX6A1	9606.ENSP00000262570	9606.ENSP00000229379	0	0	0	0	0.128	0.525	0	0.370	0.716
CHCHD3	COX4I1	9606.ENSP00000262570	9606.ENSP00000457513	0	0	0	0	0.123	0.302	0	0.522	0.682
CHD1L	MCM6	9606.ENSP00000358262	9606.ENSP00000264156	0	0	0	0	0.318	0.149	0	0.077	0.417
CHD1L	H2AFY	9606.ENSP00000358262	9606.ENSP00000423563	0.041	0	0	0	0.048	0.169	0	0.421	0.502
CLCA2	TRIM29	9606.ENSP00000359596	9606.ENSP00000343129	0	0	0	0	0.152	0	0	0.339	0.415
CLEC5A	MARCO	9606.ENSP00000449999	9606.ENSP00000318916	0	0	0	0	0.314	0	0	0.190	0.420
CLEC7A	STAT3	9606.ENSP00000302569	9606.ENSP00000264657	0	0	0	0	0	0	0	0.456	0.456
CLEC7A	MARCO	9606.ENSP00000302569	9606.ENSP00000318916	0	0	0	0	0.117	0	0	0.370	0.420
CLEC7A	STAT1	9606.ENSP00000302569	9606.ENSP00000354394	0	0	0	0	0.062	0	0	0.458	0.470
CLEC7A	TNF	9606.ENSP00000302569	9606.ENSP00000398698	0	0	0	0	0.097	0	0	0.685	0.704
CLEC7A	ITGAX	9606.ENSP00000302569	9606.ENSP00000454623	0	0	0	0	0.263	0	0	0.624	0.711
CLEC7A	SRC	9606.ENSP00000302569	9606.ENSP00000362680	0	0	0	0	0	0.058	0.900	0.454	0.944
CLIC4	SRC	9606.ENSP00000363500	9606.ENSP00000362680	0	0	0	0	0.060	0.736	0	0.103	0.757
CLIC4	YES1	9606.ENSP00000363500	9606.ENSP00000462468	0	0	0	0	0.083	0.736	0	0	0.747
CLINT1	IGF2R	9606.ENSP00000429824	9606.ENSP00000349437	0	0	0	0	0	0	0.360	0.171	0.446
CLIP4	TUBA1B	9606.ENSP00000327009	9606.ENSP00000336799	0	0	0	0	0.062	0.344	0	0.207	0.469
CLIP4	DYNC2H1	9606.ENSP00000327009	9606.ENSP00000381167	0	0	0	0	0.108	0.369	0	0.223	0.524
CNOT2	DDX6	9606.ENSP00000229195	9606.ENSP00000478754	0	0	0	0	0.108	0.249	0	0.753	0.821
CNOT2	EIF4A2	9606.ENSP00000229195	9606.ENSP00000326381	0	0	0	0	0.066	0	0.900	0.093	0.907
CNOT2	CNOT6L	9606.ENSP00000229195	9606.ENSP00000424896	0	0	0	0	0.070	0.951	0.900	0.848	0.999
CNOT6L	TTC17	9606.ENSP00000424896	9606.ENSP00000039989	0	0	0	0	0.055	0.408	0	0.118	0.463
CNOT6L	EIF4A2	9606.ENSP00000424896	9606.ENSP00000326381	0	0	0	0	0.073	0.077	0.900	0.161	0.918
CNOT6L	SAMD4A	9606.ENSP00000424896	9606.ENSP00000375919	0	0	0	0	0	0.369	0	0.123	0.423
CNOT6L	DDX6	9606.ENSP00000424896	9606.ENSP00000478754	0	0	0	0	0.082	0.360	0	0.674	0.791
CNTN4	LRRC17	9606.ENSP00000380602	9606.ENSP00000344242	0	0	0	0	0.062	0.102	0	0.358	0.412
COL12A1	DCN	9606.ENSP00000325146	9606.ENSP00000052754	0	0	0	0	0.207	0.076	0	0.383	0.509
COL12A1	MMP2	9606.ENSP00000325146	9606.ENSP00000219070	0	0	0	0	0.265	0.243	0	0.377	0.624
COL12A1	COL1A1	9606.ENSP00000325146	9606.ENSP00000225964	0	0	0	0.557	0.462	0.169	0.300	0.673	0.759
COL12A1	FSTL1	9606.ENSP00000325146	9606.ENSP00000295633	0	0	0	0	0.349	0.343	0	0.103	0.583
COL12A1	COL3A1	9606.ENSP00000325146	9606.ENSP00000304408	0	0	0	0.557	0.509	0.169	0.300	0.668	0.779
COL12A1	TWIST2	9606.ENSP00000325146	9606.ENSP00000482581	0	0	0	0	0.346	0	0	0.128	0.406
COL12A1	MMP9	9606.ENSP00000325146	9606.ENSP00000361405	0	0	0	0	0.062	0.243	0	0.231	0.407
COL12A1	FN1	9606.ENSP00000325146	9606.ENSP00000346839	0	0	0	0.564	0.347	0.056	0	0.455	0.478
COL12A1	COL6A1	9606.ENSP00000325146	9606.ENSP00000355180	0	0	0	0.585	0.287	0	0.300	0.703	0.629
COL1A1	DCN	9606.ENSP00000225964	9606.ENSP00000052754	0	0	0	0	0.864	0.241	0	0.636	0.959
COL1A1	MMP2	9606.ENSP00000225964	9606.ENSP00000219070	0	0	0	0	0.879	0.355	0	0.612	0.967
COL1A1	SMAD6	9606.ENSP00000225964	9606.ENSP00000288840	0	0	0	0	0.076	0.155	0	0.305	0.409
COL1A1	RASAL1	9606.ENSP00000225964	9606.ENSP00000450244	0	0	0	0	0	0	0	0.416	0.416
COL1A1	OGN	9606.ENSP00000225964	9606.ENSP00000262551	0	0	0	0	0.124	0.076	0	0.372	0.447
COL1A1	MMP8	9606.ENSP00000225964	9606.ENSP00000236826	0	0	0	0	0	0.059	0	0.455	0.466
COL1A1	IHH	9606.ENSP00000225964	9606.ENSP00000295731	0	0	0	0	0	0	0	0.482	0.482
COL1A1	SFRP4	9606.ENSP00000225964	9606.ENSP00000410715	0	0	0	0	0.231	0	0	0.367	0.492
COL1A1	TWIST2	9606.ENSP00000225964	9606.ENSP00000482581	0	0	0	0	0.231	0	0	0.370	0.494
COL1A1	WISP1	9606.ENSP00000225964	9606.ENSP00000250160	0	0	0	0	0.328	0	0	0.324	0.526
COL1A1	TNF	9606.ENSP00000225964	9606.ENSP00000398698	0	0	0	0	0	0.066	0	0.526	0.539
COL1A1	CXCL12	9606.ENSP00000225964	9606.ENSP00000379140	0	0	0	0	0.241	0	0	0.425	0.544
COL1A1	VWF	9606.ENSP00000225964	9606.ENSP00000261405	0	0	0	0	0.137	0.270	0	0.362	0.563
COL1A1	MATN2	9606.ENSP00000225964	9606.ENSP00000254898	0	0	0	0	0.223	0.341	0	0.253	0.584
COL1A1	MARCO	9606.ENSP00000225964	9606.ENSP00000318916	0	0	0.433	0.706	0	0	0.540	0.054	0.596
COL1A1	FSTL1	9606.ENSP00000225964	9606.ENSP00000295633	0	0	0	0	0.464	0.148	0	0.256	0.630
COL1A1	MMP9	9606.ENSP00000225964	9606.ENSP00000361405	0	0	0	0	0.077	0.227	0	0.639	0.720
COL1A1	FN1	9606.ENSP00000225964	9606.ENSP00000346839	0	0	0	0	0.356	0.701	0	0.757	0.949
COL1A1	COL6A1	9606.ENSP00000225964	9606.ENSP00000355180	0	0	0	0.596	0.914	0	0.300	0.735	0.956
COL1A1	ITGB1	9606.ENSP00000225964	9606.ENSP00000379350	0	0	0	0	0.097	0.317	0.900	0.604	0.972
COL1A1	COL3A1	9606.ENSP00000225964	9606.ENSP00000304408	0	0	0.439	0.951	0.944	0	0.800	0.892	0.989
COL3A1	HOXA11	9606.ENSP00000304408	9606.ENSP00000006015	0	0	0	0	0.067	0.057	0	0.536	0.556
COL3A1	DCN	9606.ENSP00000304408	9606.ENSP00000052754	0	0	0	0	0.824	0.076	0	0.608	0.931
COL3A1	MMP2	9606.ENSP00000304408	9606.ENSP00000219070	0	0	0	0	0.478	0.153	0	0.558	0.787
COL3A1	WISP1	9606.ENSP00000304408	9606.ENSP00000250160	0	0	0	0	0.347	0	0	0.202	0.457
COL3A1	VWF	9606.ENSP00000304408	9606.ENSP00000261405	0	0	0	0	0.232	0.270	0	0.324	0.588
COL3A1	OGN	9606.ENSP00000304408	9606.ENSP00000262551	0	0	0	0	0.202	0.076	0	0.335	0.467
COL3A1	FSTL1	9606.ENSP00000304408	9606.ENSP00000295633	0	0	0	0	0.505	0.148	0	0.215	0.640
COL3A1	SFRP4	9606.ENSP00000304408	9606.ENSP00000410715	0	0	0	0	0.326	0	0	0.194	0.433
COL3A1	TNF	9606.ENSP00000304408	9606.ENSP00000398698	0	0	0	0	0	0.102	0	0.395	0.433
COL3A1	MMP9	9606.ENSP00000304408	9606.ENSP00000361405	0	0	0	0	0.078	0.059	0	0.556	0.582
COL3A1	MARCO	9606.ENSP00000304408	9606.ENSP00000318916	0	0	0.430	0.716	0	0	0.540	0	0.592
COL3A1	CXCL12	9606.ENSP00000304408	9606.ENSP00000379140	0	0	0	0	0.486	0	0	0.336	0.644
COL3A1	FN1	9606.ENSP00000304408	9606.ENSP00000346839	0	0	0	0	0.343	0.056	0	0.686	0.789
COL3A1	COL6A1	9606.ENSP00000304408	9606.ENSP00000355180	0	0	0	0.602	0.891	0	0.300	0.737	0.943
COL3A1	ITGB1	9606.ENSP00000304408	9606.ENSP00000379350	0	0	0	0	0.090	0.103	0.900	0.465	0.950
COL6A1	DCN	9606.ENSP00000355180	9606.ENSP00000052754	0	0	0	0	0.834	0.296	0.360	0.449	0.953
COL6A1	MMP2	9606.ENSP00000355180	9606.ENSP00000219070	0	0	0	0	0.785	0.145	0	0.326	0.865
COL6A1	OGN	9606.ENSP00000355180	9606.ENSP00000262551	0	0	0	0	0.205	0.076	0	0.350	0.481
COL6A1	FSTL1	9606.ENSP00000355180	9606.ENSP00000295633	0	0	0	0	0.378	0.148	0	0.180	0.527
COL6A1	FN1	9606.ENSP00000355180	9606.ENSP00000346839	0	0	0	0	0.305	0.056	0	0.518	0.656
COL6A1	DMD	9606.ENSP00000355180	9606.ENSP00000354923	0	0	0	0	0	0	0	0.435	0.435
COL6A1	MMP9	9606.ENSP00000355180	9606.ENSP00000361405	0	0	0	0	0.062	0.145	0	0.339	0.424
COL6A1	ITGB1	9606.ENSP00000355180	9606.ENSP00000379350	0	0	0	0	0.089	0.061	0.900	0.270	0.929
COPB1	RPS9	9606.ENSP00000249923	9606.ENSP00000302896	0	0	0	0	0.155	0	0	0.321	0.402
COPB1	CYP2R1	9606.ENSP00000249923	9606.ENSP00000334592	0	0	0	0	0	0.056	0	0.557	0.564
COPB1	SPTBN1	9606.ENSP00000249923	9606.ENSP00000349259	0	0	0	0	0.063	0.192	0.600	0	0.670
COX4I1	PDK4	9606.ENSP00000457513	9606.ENSP00000005178	0	0	0	0	0.052	0.070	0	0.459	0.481
COX4I1	TIMM13	9606.ENSP00000457513	9606.ENSP00000215570	0	0	0	0	0.126	0.283	0	0.216	0.466
COX4I1	COX6A1	9606.ENSP00000457513	9606.ENSP00000229379	0	0	0	0	0.315	0.868	0.800	0.663	0.993
COX4I1	TACO1	9606.ENSP00000457513	9606.ENSP00000258975	0	0	0	0	0.081	0.117	0	0.420	0.488
COX4I1	PRDX3	9606.ENSP00000457513	9606.ENSP00000298510	0	0	0	0	0.135	0	0	0.385	0.446
COX4I1	TFB2M	9606.ENSP00000457513	9606.ENSP00000355471	0	0	0	0	0	0	0	0.440	0.440
COX4I1	SDHD	9606.ENSP00000457513	9606.ENSP00000364699	0	0	0	0	0.332	0	0	0.383	0.570
COX4I1	HSPD1	9606.ENSP00000457513	9606.ENSP00000373620	0	0	0	0	0.085	0.364	0	0.444	0.648
COX4I1	NCOA7	9606.ENSP00000457513	9606.ENSP00000376269	0	0	0	0	0	0	0	0.428	0.428
COX4I1	VDAC3	9606.ENSP00000457513	9606.ENSP00000428845	0	0	0	0	0.125	0.854	0	0.540	0.936
COX4I1	UQCRB	9606.ENSP00000457513	9606.ENSP00000430494	0	0	0	0	0.477	0.766	0.540	0.440	0.964
COX6A1	SDHD	9606.ENSP00000229379	9606.ENSP00000364699	0	0	0	0	0.233	0	0	0.277	0.422
COX6A1	TACO1	9606.ENSP00000229379	9606.ENSP00000258975	0	0	0	0	0	0	0	0.463	0.463
COX6A1	UQCRB	9606.ENSP00000229379	9606.ENSP00000430494	0	0	0	0	0.830	0.693	0.540	0.619	0.989
CPEB2	SAMD4A	9606.ENSP00000443985	9606.ENSP00000375919	0	0	0	0	0.062	0.248	0	0.384	0.527
CPEB2	MLLT4	9606.ENSP00000443985	9606.ENSP00000375960	0	0	0	0	0.062	0	0	0.416	0.429
CRISP3	MMP8	9606.ENSP00000389026	9606.ENSP00000236826	0	0	0	0	0.179	0	0	0.318	0.416
CWF19L2	SYF2	9606.ENSP00000282251	9606.ENSP00000236273	0	0	0	0	0.099	0.923	0.540	0.119	0.968
CWF19L2	MSANTD4	9606.ENSP00000282251	9606.ENSP00000304713	0	0	0	0	0.077	0	0	0.517	0.535
CWF19L2	HNRNPM	9606.ENSP00000282251	9606.ENSP00000325376	0	0	0	0	0.062	0	0.540	0	0.550
CXCL12	DCN	9606.ENSP00000379140	9606.ENSP00000052754	0	0	0	0	0.556	0	0	0.335	0.692
CXCL12	HMOX1	9606.ENSP00000379140	9606.ENSP00000216117	0	0	0	0	0	0	0	0.456	0.456
CXCL12	MMP2	9606.ENSP00000379140	9606.ENSP00000219070	0	0	0	0	0.213	0.213	0	0.650	0.764
CXCL12	KITLG	9606.ENSP00000379140	9606.ENSP00000228280	0	0	0	0	0.096	0	0	0.736	0.751
CXCL12	VWF	9606.ENSP00000379140	9606.ENSP00000261405	0	0	0	0	0.136	0	0	0.546	0.590
CXCL12	STAT3	9606.ENSP00000379140	9606.ENSP00000264657	0	0	0	0	0	0	0.900	0.615	0.959
CXCL12	STAT2	9606.ENSP00000379140	9606.ENSP00000315768	0	0	0	0	0	0	0.900	0.141	0.910
CXCL12	SELE	9606.ENSP00000379140	9606.ENSP00000331736	0	0	0	0	0.065	0	0	0.595	0.605
CXCL12	CXCL14	9606.ENSP00000379140	9606.ENSP00000337065	0	0	0	0	0.098	0.237	0	0.807	0.856
CXCL12	FN1	9606.ENSP00000379140	9606.ENSP00000346839	0	0	0	0	0.121	0.270	0	0.940	0.958
CXCL12	PIK3CG	9606.ENSP00000379140	9606.ENSP00000352121	0	0	0	0	0	0	0.900	0.409	0.938
CXCL12	STAT1	9606.ENSP00000379140	9606.ENSP00000354394	0	0	0	0	0	0	0.900	0.391	0.936
CXCL12	XCL1	9606.ENSP00000379140	9606.ENSP00000356792	0	0	0	0	0	0.237	0	0.569	0.657
CXCL12	TPM3	9606.ENSP00000379140	9606.ENSP00000357516	0	0	0	0	0	0	0	0.445	0.445
CXCL12	MMP9	9606.ENSP00000379140	9606.ENSP00000361405	0	0	0	0	0	0	0	0.710	0.710
CXCL12	SRC	9606.ENSP00000379140	9606.ENSP00000362680	0	0	0	0	0	0	0.900	0.559	0.954
CXCL12	ITGAX	9606.ENSP00000379140	9606.ENSP00000454623	0	0	0	0	0	0	0	0.504	0.504
CXCL12	ITGB1	9606.ENSP00000379140	9606.ENSP00000379350	0	0	0	0	0	0	0	0.562	0.562
CXCL12	TNF	9606.ENSP00000379140	9606.ENSP00000398698	0	0	0	0	0	0	0	0.715	0.715
CXCL12	PIK3R1	9606.ENSP00000379140	9606.ENSP00000428056	0	0	0	0	0	0	0.900	0.181	0.914
CXCL14	FSTL1	9606.ENSP00000337065	9606.ENSP00000295633	0	0	0	0	0	0	0	0.558	0.558
CXCL14	XCL1	9606.ENSP00000337065	9606.ENSP00000356792	0	0	0	0	0	0.237	0	0.471	0.579
CYP2R1	CYP3A5	9606.ENSP00000334592	9606.ENSP00000222982	0	0	0.438	0.637	0.062	0.251	0	0.326	0.444
CYP3A5	SLCO1B3	9606.ENSP00000222982	9606.ENSP00000261196	0	0	0	0	0.084	0	0	0.611	0.628
CYP3A5	SLC35A2	9606.ENSP00000222982	9606.ENSP00000416002	0	0	0	0	0	0.056	0	0.635	0.640
DAPK1	RUNX3	9606.ENSP00000386135	9606.ENSP00000382800	0	0	0	0	0	0	0	0.558	0.558
DAZAP2	TOB2	9606.ENSP00000448051	9606.ENSP00000331305	0	0	0	0	0	0	0	0.606	0.606
DCN	ITGB1	9606.ENSP00000052754	9606.ENSP00000379350	0	0	0	0	0.062	0.070	0	0.374	0.406
DCN	LRRC58	9606.ENSP00000052754	9606.ENSP00000295628	0	0	0.411	0	0	0	0	0	0.411
DCN	MMP8	9606.ENSP00000052754	9606.ENSP00000236826	0	0	0	0	0	0	0	0.440	0.440
DCN	OGN	9606.ENSP00000052754	9606.ENSP00000262551	0	0	0	0.639	0.287	0	0	0.769	0.482
DCN	TNF	9606.ENSP00000052754	9606.ENSP00000398698	0	0	0	0	0	0.270	0	0.421	0.559
DCN	MMP9	9606.ENSP00000052754	9606.ENSP00000361405	0	0	0	0	0.062	0	0	0.575	0.585
DCN	MATN2	9606.ENSP00000052754	9606.ENSP00000254898	0	0	0	0	0.140	0.064	0	0.553	0.609
DCN	UST	9606.ENSP00000052754	9606.ENSP00000356433	0	0	0	0	0	0	0.900	0.156	0.911
DCN	VWF	9606.ENSP00000052754	9606.ENSP00000261405	0	0	0	0	0.156	0.139	0	0.902	0.923
DCN	YBX3	9606.ENSP00000052754	9606.ENSP00000228251	0	0	0	0	0	0	0	0.948	0.948
DCN	WISP1	9606.ENSP00000052754	9606.ENSP00000250160	0	0	0	0	0.213	0.213	0	0.931	0.953
DCN	MMP2	9606.ENSP00000052754	9606.ENSP00000219070	0	0	0	0	0.791	0.213	0.900	0.558	0.991
DCN	FN1	9606.ENSP00000052754	9606.ENSP00000346839	0	0	0	0	0.157	0.462	0	0.983	0.992
DDAH1	RAB40C	9606.ENSP00000284031	9606.ENSP00000438492	0	0	0	0	0	0.436	0	0	0.436
DDAH1	VAV3	9606.ENSP00000284031	9606.ENSP00000359073	0	0	0	0	0	0	0	0.508	0.508
DDX10	PAPOLA	9606.ENSP00000314348	9606.ENSP00000216277	0	0	0	0	0.049	0.243	0	0.256	0.417
DDX10	UTP6	9606.ENSP00000314348	9606.ENSP00000261708	0	0	0	0	0.876	0.057	0	0.104	0.886
DDX10	NCL	9606.ENSP00000314348	9606.ENSP00000318195	0	0	0	0	0.123	0.185	0	0.270	0.433
DDX10	SMG1	9606.ENSP00000314348	9606.ENSP00000402515	0	0	0	0	0.065	0.058	0	0.418	0.443
DDX10	DOHH	9606.ENSP00000314348	9606.ENSP00000398882	0	0	0	0	0.455	0	0	0.055	0.462
DDX10	NUP43	9606.ENSP00000314348	9606.ENSP00000342262	0	0	0	0	0.082	0.060	0	0.498	0.529
DDX10	RBM5	9606.ENSP00000314348	9606.ENSP00000343054	0	0	0	0	0.069	0.498	0	0.148	0.567
DDX10	EIF4G2	9606.ENSP00000314348	9606.ENSP00000433664	0	0	0	0	0.363	0.183	0	0.333	0.622
DDX10	WBSCR22	9606.ENSP00000314348	9606.ENSP00000401191	0	0	0	0	0.658	0.154	0	0.080	0.710
DDX10	TFB2M	9606.ENSP00000314348	9606.ENSP00000355471	0.050	0	0	0	0.767	0.056	0	0.085	0.783
DDX10	RPF1	9606.ENSP00000314348	9606.ENSP00000359688	0	0	0	0	0.876	0.152	0	0.063	0.892
DDX6	TIMM13	9606.ENSP00000478754	9606.ENSP00000215570	0	0	0	0	0.075	0.679	0	0	0.690
DDX6	YBX3	9606.ENSP00000478754	9606.ENSP00000228251	0.046	0	0	0	0.082	0.345	0	0.126	0.431
DDX6	ZFP36L2	9606.ENSP00000478754	9606.ENSP00000282388	0	0	0	0	0.065	0.159	0	0.383	0.472
DDX6	NCL	9606.ENSP00000478754	9606.ENSP00000318195	0	0	0	0	0.092	0.403	0	0.459	0.681
DDX6	EEF1A1	9606.ENSP00000478754	9606.ENSP00000339063	0	0	0	0	0.101	0.335	0	0.243	0.508
DDX6	SDHD	9606.ENSP00000478754	9606.ENSP00000364699	0	0	0	0	0	0	0	0.561	0.561
DDX6	SAMD4A	9606.ENSP00000478754	9606.ENSP00000375919	0	0	0	0	0.247	0	0	0.384	0.517
DDX6	SMG1	9606.ENSP00000478754	9606.ENSP00000402515	0	0	0	0	0.089	0.285	0	0.152	0.400
DDX6	EIF4G2	9606.ENSP00000478754	9606.ENSP00000433664	0	0	0	0	0.103	0.183	0	0.507	0.607
DIO2	USP33	9606.ENSP00000450980	9606.ENSP00000359829	0	0	0	0	0	0.747	0	0.454	0.855
DLL1	OLFM4	9606.ENSP00000355718	9606.ENSP00000219022	0	0	0	0	0	0	0	0.406	0.406
DLL1	KITLG	9606.ENSP00000355718	9606.ENSP00000228280	0	0	0	0	0	0	0	0.469	0.469
DLL1	LEF1	9606.ENSP00000355718	9606.ENSP00000265165	0	0	0	0	0	0.059	0	0.396	0.407
DLL1	HOPX	9606.ENSP00000355718	9606.ENSP00000450527	0	0	0	0	0	0.059	0	0.413	0.424
DLL1	PSEN2	9606.ENSP00000355718	9606.ENSP00000355747	0	0	0	0	0	0.369	0	0.401	0.605
DMD	VCL	9606.ENSP00000354923	9606.ENSP00000211998	0	0	0	0	0.065	0.149	0	0.824	0.848
DMD	MBNL2	9606.ENSP00000354923	9606.ENSP00000267287	0	0	0	0	0.049	0.251	0	0.292	0.452
DMD	FN1	9606.ENSP00000354923	9606.ENSP00000346839	0	0	0	0	0	0	0	0.417	0.417
DMD	LAMC3	9606.ENSP00000354923	9606.ENSP00000354360	0	0	0	0	0	0	0.900	0.189	0.915
DMD	PDLIM5	9606.ENSP00000354923	9606.ENSP00000480359	0	0	0	0	0	0.350	0	0.148	0.423
DMD	TPM3	9606.ENSP00000354923	9606.ENSP00000357516	0	0	0	0	0.063	0.183	0.600	0.395	0.790
DMD	PGM5	9606.ENSP00000354923	9606.ENSP00000379678	0	0	0	0	0.063	0.302	0.720	0.638	0.925
DMD	SRC	9606.ENSP00000354923	9606.ENSP00000362680	0	0	0	0	0	0.102	0.900	0.284	0.930
DMD	ITGB1	9606.ENSP00000354923	9606.ENSP00000379350	0	0	0	0	0.066	0.165	0.900	0.395	0.946
DOHH	UTP6	9606.ENSP00000398882	9606.ENSP00000261708	0	0	0	0	0.448	0	0	0	0.448
DOHH	EIF4A2	9606.ENSP00000398882	9606.ENSP00000326381	0	0	0	0	0.092	0	0	0.392	0.425
DOHH	TFB2M	9606.ENSP00000398882	9606.ENSP00000355471	0.121	0	0	0	0.650	0	0	0	0.679
DOHH	RPF1	9606.ENSP00000398882	9606.ENSP00000359688	0.069	0	0	0	0.742	0	0	0	0.749
DPEP3	LY6K	9606.ENSP00000268793	9606.ENSP00000292430	0	0	0	0	0	0	0	0.428	0.428
DUOXA2	SCNN1A	9606.ENSP00000319705	9606.ENSP00000353292	0	0	0	0	0	0	0	0.494	0.494
DUSP1	VCL	9606.ENSP00000239223	9606.ENSP00000211998	0	0	0	0	0	0	0	0.499	0.499
DUSP1	TRIB3	9606.ENSP00000239223	9606.ENSP00000217233	0	0	0	0	0.065	0.146	0	0.328	0.416
DUSP1	STAT3	9606.ENSP00000239223	9606.ENSP00000264657	0	0	0	0	0.049	0	0	0.401	0.405
DUSP1	STAT1	9606.ENSP00000239223	9606.ENSP00000354394	0	0	0	0	0.049	0	0	0.408	0.413
DUSP1	MAP3K1	9606.ENSP00000239223	9606.ENSP00000382423	0	0	0	0	0	0.157	0	0.334	0.414
DUSP1	SRC	9606.ENSP00000239223	9606.ENSP00000362680	0	0	0	0	0	0.111	0	0.419	0.461
DUSP1	PTPRE	9606.ENSP00000239223	9606.ENSP00000254667	0	0	0	0	0.049	0.070	0	0.472	0.492
DUSP1	IRAK3	9606.ENSP00000239223	9606.ENSP00000261233	0	0	0	0	0	0.147	0	0.512	0.566
DUSP1	TNF	9606.ENSP00000239223	9606.ENSP00000398698	0	0	0	0	0	0	0	0.584	0.584
DYNC2H1	EN2	9606.ENSP00000381167	9606.ENSP00000297375	0	0	0	0	0	0	0	0.476	0.476
DYNC2H1	IFT80	9606.ENSP00000381167	9606.ENSP00000312778	0	0	0	0	0.108	0	0.600	0.947	0.979
DYNC2H1	PTCH1	9606.ENSP00000381167	9606.ENSP00000332353	0	0	0	0	0	0	0	0.421	0.421
DYNC2H1	TUBA1B	9606.ENSP00000381167	9606.ENSP00000336799	0	0	0	0	0.062	0.181	0.600	0.140	0.700
EEF1A1	PSMA3	9606.ENSP00000339063	9606.ENSP00000216455	0	0	0.339	0	0.692	0.316	0	0.136	0.863
EEF1A1	STAT3	9606.ENSP00000339063	9606.ENSP00000264657	0	0	0	0	0	0	0	0.451	0.451
EEF1A1	SRRM2	9606.ENSP00000339063	9606.ENSP00000301740	0	0	0	0	0.062	0.212	0	0.326	0.458
EEF1A1	RPS9	9606.ENSP00000339063	9606.ENSP00000302896	0	0	0	0	0.782	0.825	0	0.482	0.978
EEF1A1	RPL13	9606.ENSP00000339063	9606.ENSP00000307889	0	0	0	0	0.762	0.854	0	0.374	0.976
EEF1A1	NCL	9606.ENSP00000339063	9606.ENSP00000318195	0	0	0	0	0.242	0.172	0	0.787	0.855
EEF1A1	NUDC	9606.ENSP00000339063	9606.ENSP00000319664	0	0	0	0	0.508	0	0	0	0.508
EEF1A1	EIF4A2	9606.ENSP00000339063	9606.ENSP00000326381	0	0	0	0	0.568	0.158	0	0.744	0.899
EEF1A1	TUBA1B	9606.ENSP00000339063	9606.ENSP00000336799	0	0	0	0	0.198	0.146	0	0.428	0.575
EEF1A1	EIF4G2	9606.ENSP00000339063	9606.ENSP00000433664	0	0	0	0	0.162	0.065	0	0.296	0.401
EEF1A1	OBSL1	9606.ENSP00000339063	9606.ENSP00000385636	0	0	0	0	0	0.270	0	0.226	0.410
EEF1A1	LARS	9606.ENSP00000339063	9606.ENSP00000377954	0	0	0	0	0.222	0.234	0	0.407	0.616
EEF1A1	HSPD1	9606.ENSP00000339063	9606.ENSP00000373620	0	0	0	0	0.293	0.058	0	0.668	0.760
EEF1A1	RPL35A	9606.ENSP00000339063	9606.ENSP00000419117	0	0	0	0	0.788	0.833	0	0.134	0.966
EEF1A1	FN1	9606.ENSP00000339063	9606.ENSP00000346839	0	0	0	0	0	0.074	0	0.972	0.973
EEF1A1	RPS14	9606.ENSP00000339063	9606.ENSP00000385958	0	0	0.393	0	0.739	0.908	0	0.217	0.987
EEF1A1	RPL18	9606.ENSP00000339063	9606.ENSP00000447001	0	0	0	0	0.798	0.877	0	0.602	0.989
EGLN1	SRC	9606.ENSP00000355601	9606.ENSP00000362680	0	0	0	0	0	0.270	0	0.253	0.431
EGLN1	SLC2A1	9606.ENSP00000355601	9606.ENSP00000416293	0	0	0	0	0	0	0	0.568	0.568
EGLN1	SDHD	9606.ENSP00000355601	9606.ENSP00000364699	0	0	0	0	0.062	0	0	0.563	0.572
EGLN1	PRKCA	9606.ENSP00000355601	9606.ENSP00000408695	0	0	0	0	0	0	0.800	0.182	0.829
EIF4A2	YBX3	9606.ENSP00000326381	9606.ENSP00000228251	0.046	0	0	0	0	0.164	0	0.335	0.424
EIF4A2	RHEB	9606.ENSP00000326381	9606.ENSP00000262187	0	0	0	0	0.064	0.069	0	0.451	0.480
EIF4A2	RPL13	9606.ENSP00000326381	9606.ENSP00000307889	0	0	0	0	0.241	0.148	0	0.226	0.455
EIF4A2	NCL	9606.ENSP00000326381	9606.ENSP00000318195	0	0	0	0	0.146	0.179	0	0.364	0.515
EIF4A2	RPL35A	9606.ENSP00000326381	9606.ENSP00000419117	0	0	0	0	0.233	0.142	0	0.169	0.405
EIF4A2	SMG1	9606.ENSP00000326381	9606.ENSP00000402515	0	0	0	0	0	0.287	0	0.460	0.599
EIF4A2	EIF4G2	9606.ENSP00000326381	9606.ENSP00000433664	0	0	0	0	0.122	0.734	0.900	0.772	0.994
EIF4G2	UBE2S	9606.ENSP00000433664	9606.ENSP00000264552	0	0	0	0	0	0.070	0	0.468	0.484
EIF4G2	NCL	9606.ENSP00000433664	9606.ENSP00000318195	0	0	0	0	0.164	0.257	0	0.279	0.513
EIF4G2	HNRNPM	9606.ENSP00000433664	9606.ENSP00000325376	0	0	0	0	0.107	0.142	0	0.476	0.564
EIF4G2	TUBA1B	9606.ENSP00000433664	9606.ENSP00000336799	0	0	0	0	0.075	0.070	0	0.366	0.408
ELK3	PIK3R1	9606.ENSP00000228741	9606.ENSP00000428056	0	0	0	0	0	0.409	0	0.067	0.425
ELMOD2	MUC5B	9606.ENSP00000326342	9606.ENSP00000436812	0	0	0	0	0	0	0	0.452	0.452
EN2	IHH	9606.ENSP00000297375	9606.ENSP00000295731	0	0	0	0	0.062	0	0	0.482	0.494
EN2	SLC18A2	9606.ENSP00000297375	9606.ENSP00000298472	0	0	0	0	0.062	0	0	0.392	0.405
EN2	PTCH1	9606.ENSP00000297375	9606.ENSP00000332353	0	0	0	0	0	0.139	0	0.343	0.410
EN2	TLE1	9606.ENSP00000297375	9606.ENSP00000365682	0	0	0	0	0.062	0.587	0	0.317	0.712
ENTPD2	HK3	9606.ENSP00000347213	9606.ENSP00000292432	0	0	0	0	0	0	0	0.507	0.507
EPB41L1	KIF1A	9606.ENSP00000337168	9606.ENSP00000438388	0	0	0	0	0.129	0	0	0.362	0.421
EPB41L1	PPP1R9B	9606.ENSP00000337168	9606.ENSP00000478767	0	0	0	0	0.062	0.199	0	0.298	0.426
EPB41L1	EPB41L2	9606.ENSP00000337168	9606.ENSP00000338481	0	0	0	0.914	0.063	0.419	0	0.856	0.474
EPB41L1	PIK3R1	9606.ENSP00000337168	9606.ENSP00000428056	0	0	0	0	0	0	0.900	0.053	0.901
EPB41L2	SRC	9606.ENSP00000338481	9606.ENSP00000362680	0	0	0	0	0.059	0.078	0	0.481	0.511
EPB41L2	SPTBN1	9606.ENSP00000338481	9606.ENSP00000349259	0	0	0	0	0.183	0.176	0.720	0.221	0.833
EPS8L3	LAMC3	9606.ENSP00000358820	9606.ENSP00000354360	0	0	0	0	0	0	0	0.618	0.618
EPS8L3	TSPAN8	9606.ENSP00000358820	9606.ENSP00000377003	0	0	0	0	0.337	0	0	0.152	0.414
EPS8L3	MUC13	9606.ENSP00000358820	9606.ENSP00000485028	0	0	0	0	0.346	0	0	0.167	0.432
EPS8L3	SLC45A4	9606.ENSP00000358820	9606.ENSP00000428137	0	0	0	0	0	0	0	0.721	0.721
EREG	MMP2	9606.ENSP00000244869	9606.ENSP00000219070	0	0	0	0	0	0	0	0.490	0.489
EREG	PIK3R1	9606.ENSP00000244869	9606.ENSP00000428056	0	0	0	0	0	0	0.500	0.108	0.534
EREG	GAB1	9606.ENSP00000244869	9606.ENSP00000262995	0	0	0	0	0	0	0.500	0.134	0.548
EREG	TGFA	9606.ENSP00000244869	9606.ENSP00000295400	0	0	0	0	0	0	0.300	0.595	0.704
EREG	SRC	9606.ENSP00000244869	9606.ENSP00000362680	0	0	0	0	0.062	0	0.500	0.516	0.753
EREG	YES1	9606.ENSP00000244869	9606.ENSP00000462468	0	0	0	0	0.062	0	0.900	0.053	0.903
F5	VWF	9606.ENSP00000356771	9606.ENSP00000261405	0	0	0	0	0	0	0	0.408	0.408
F5	TGFA	9606.ENSP00000356771	9606.ENSP00000295400	0	0	0	0	0	0	0.600	0	0.600
F5	FAM20C	9606.ENSP00000356771	9606.ENSP00000322323	0	0	0	0	0	0.270	0	0.302	0.468
F5	SELE	9606.ENSP00000356771	9606.ENSP00000331736	0	0	0	0	0.049	0	0	0.536	0.539
F5	TRAPPC4	9606.ENSP00000356771	9606.ENSP00000436005	0	0	0	0	0	0	0.600	0	0.600
F5	SERPINA1	9606.ENSP00000356771	9606.ENSP00000416066	0	0	0	0	0.296	0.177	0.300	0.289	0.673
F5	MMRN1	9606.ENSP00000356771	9606.ENSP00000378431	0	0	0	0	0	0.628	0	0.568	0.832
FAM20C	WDR72	9606.ENSP00000322323	9606.ENSP00000379619	0	0	0	0	0	0	0	0.545	0.545
FAM216B	TEKT1	9606.ENSP00000445786	9606.ENSP00000341346	0	0	0	0	0.083	0	0	0.427	0.453
FBXO11	FBXW11	9606.ENSP00000384823	9606.ENSP00000265094	0	0	0	0	0.062	0	0	0.418	0.431
FBXO11	USP33	9606.ENSP00000384823	9606.ENSP00000359829	0	0	0	0	0.089	0.071	0	0.355	0.407
FBXW11	KITLG	9606.ENSP00000265094	9606.ENSP00000228280	0	0	0	0	0	0	0.900	0	0.900
FBXW11	TANC1	9606.ENSP00000265094	9606.ENSP00000263635	0	0	0	0	0	0.163	0	0.433	0.506
FBXW11	ZNF395	9606.ENSP00000265094	9606.ENSP00000340494	0	0	0	0	0	0.503	0	0	0.503
FBXW11	NUDC	9606.ENSP00000265094	9606.ENSP00000319664	0	0	0	0	0	0.735	0	0	0.735
FGF18	GAB1	9606.ENSP00000274625	9606.ENSP00000262995	0	0	0	0	0	0	0.500	0.054	0.507
FGF18	TNF	9606.ENSP00000274625	9606.ENSP00000398698	0	0	0	0	0	0	0	0.446	0.446
FGF18	PIK3R1	9606.ENSP00000274625	9606.ENSP00000428056	0	0	0	0	0	0	0.500	0.091	0.526
FGF18	FN1	9606.ENSP00000274625	9606.ENSP00000346839	0	0	0	0	0	0	0	0.567	0.567
FGF18	IHH	9606.ENSP00000274625	9606.ENSP00000295731	0	0	0	0	0	0	0	0.587	0.587
FGF18	PIK3R4	9606.ENSP00000274625	9606.ENSP00000349205	0	0	0	0	0	0	0.600	0.066	0.610
FLG	TNF	9606.ENSP00000357789	9606.ENSP00000398698	0	0	0	0	0	0.058	0	0.459	0.468
FLOT1	TFRC	9606.ENSP00000365569	9606.ENSP00000353224	0	0	0	0	0	0	0	0.595	0.595
FLOT1	SRC	9606.ENSP00000365569	9606.ENSP00000362680	0	0	0	0	0	0.056	0	0.536	0.543
FLRT2	ZC3H4	9606.ENSP00000332879	9606.ENSP00000253048	0	0	0	0	0	0	0	0.410	0.410
FLRT2	FN1	9606.ENSP00000332879	9606.ENSP00000346839	0	0	0	0	0.070	0	0	0.487	0.502
FN1	VCL	9606.ENSP00000346839	9606.ENSP00000211998	0	0	0	0	0.086	0.074	0.500	0.966	0.984
FN1	HMOX1	9606.ENSP00000346839	9606.ENSP00000216117	0	0	0	0	0.059	0	0	0.583	0.591
FN1	MMP2	9606.ENSP00000346839	9606.ENSP00000219070	0	0	0	0.616	0.349	0.129	0	0.877	0.607
FN1	WASL	9606.ENSP00000346839	9606.ENSP00000223023	0	0	0	0	0	0	0	0.592	0.592
FN1	KITLG	9606.ENSP00000346839	9606.ENSP00000228280	0	0	0	0	0.098	0	0	0.599	0.623
FN1	MMP8	9606.ENSP00000346839	9606.ENSP00000236826	0	0	0	0	0	0	0	0.707	0.707
FN1	WISP1	9606.ENSP00000346839	9606.ENSP00000250160	0	0	0	0	0.180	0.062	0	0.407	0.504
FN1	MATN2	9606.ENSP00000346839	9606.ENSP00000254898	0	0	0	0	0.096	0.213	0	0.419	0.551
FN1	VWF	9606.ENSP00000346839	9606.ENSP00000261405	0	0	0	0	0.062	0	0.300	0.980	0.985
FN1	OGN	9606.ENSP00000346839	9606.ENSP00000262551	0	0	0	0	0.063	0	0	0.392	0.405
FN1	STAT3	9606.ENSP00000346839	9606.ENSP00000264657	0	0	0	0	0.062	0	0	0.643	0.651
FN1	LEF1	9606.ENSP00000346839	9606.ENSP00000265165	0	0	0	0	0	0	0	0.461	0.461
FN1	SMAD6	9606.ENSP00000346839	9606.ENSP00000288840	0	0	0	0	0.107	0	0	0.425	0.465
FN1	FSTL1	9606.ENSP00000346839	9606.ENSP00000295633	0	0	0	0	0.349	0	0	0.256	0.495
FN1	PGR	9606.ENSP00000346839	9606.ENSP00000325120	0	0	0	0	0	0	0	0.424	0.424
FN1	SELE	9606.ENSP00000346839	9606.ENSP00000331736	0	0	0	0	0.049	0	0	0.640	0.643
FN1	PTCH1	9606.ENSP00000346839	9606.ENSP00000332353	0	0	0	0	0	0	0	0.498	0.498
FN1	S1PR2	9606.ENSP00000346839	9606.ENSP00000466933	0	0	0	0	0.062	0	0	0.397	0.411
FN1	SCNN1A	9606.ENSP00000346839	9606.ENSP00000353292	0	0	0	0	0	0	0	0.418	0.418
FN1	MUC5B	9606.ENSP00000346839	9606.ENSP00000436812	0	0	0	0	0.052	0	0	0.413	0.420
FN1	TIE1	9606.ENSP00000346839	9606.ENSP00000361554	0	0	0	0	0.062	0	0	0.451	0.463
FN1	TFRC	9606.ENSP00000346839	9606.ENSP00000353224	0	0	0	0	0	0.074	0	0.458	0.476
FN1	STAT1	9606.ENSP00000346839	9606.ENSP00000354394	0	0	0	0	0.062	0	0	0.465	0.477
FN1	PRKCA	9606.ENSP00000346839	9606.ENSP00000408695	0	0	0	0	0	0	0	0.508	0.508
FN1	SLC2A1	9606.ENSP00000346839	9606.ENSP00000416293	0	0	0	0	0	0	0	0.521	0.521
FN1	MSN	9606.ENSP00000346839	9606.ENSP00000353408	0	0	0	0	0.062	0.074	0	0.511	0.538
FN1	TWIST2	9606.ENSP00000346839	9606.ENSP00000482581	0	0	0	0	0.161	0	0	0.513	0.574
FN1	MMP9	9606.ENSP00000346839	9606.ENSP00000361405	0	0	0	0.601	0	0.399	0	0.878	0.608
FN1	SERPINA1	9606.ENSP00000346839	9606.ENSP00000416066	0	0	0	0	0	0.270	0	0.562	0.666
FN1	ITGAX	9606.ENSP00000346839	9606.ENSP00000454623	0	0	0	0	0.062	0	0.600	0.620	0.845
FN1	TNF	9606.ENSP00000346839	9606.ENSP00000398698	0	0	0	0	0	0	0	0.929	0.930
FN1	SRC	9606.ENSP00000346839	9606.ENSP00000362680	0	0	0	0	0	0	0.900	0.823	0.981
FN1	ITGB1	9606.ENSP00000346839	9606.ENSP00000379350	0	0	0	0	0.147	0.876	0.900	0.989	0.999
FOXP1	STAT3	9606.ENSP00000484803	9606.ENSP00000264657	0	0	0	0	0	0.151	0	0.372	0.444
FOXP1	LEF1	9606.ENSP00000484803	9606.ENSP00000265165	0	0	0	0	0	0.162	0	0.320	0.405
FSTL1	MMP2	9606.ENSP00000295633	9606.ENSP00000219070	0	0	0	0	0.377	0	0	0.242	0.507
FSTL1	TNF	9606.ENSP00000295633	9606.ENSP00000398698	0	0	0	0	0	0	0	0.511	0.511
FZD4	GNG11	9606.ENSP00000434034	9606.ENSP00000248564	0	0	0	0	0.062	0	0.600	0	0.608
FZD4	LEF1	9606.ENSP00000434034	9606.ENSP00000265165	0	0	0	0	0.062	0	0	0.492	0.503
FZD4	LGR4	9606.ENSP00000434034	9606.ENSP00000368516	0	0	0	0	0	0	0	0.527	0.528
FZD4	PRKCA	9606.ENSP00000434034	9606.ENSP00000408695	0	0	0	0	0	0	0.900	0.095	0.905
FZD4	SFRP4	9606.ENSP00000434034	9606.ENSP00000410715	0	0	0	0.676	0	0	0.600	0.530	0.666
G6PC3	HK3	9606.ENSP00000269097	9606.ENSP00000292432	0	0	0	0	0	0	0.800	0.379	0.870
GAB1	WASL	9606.ENSP00000262995	9606.ENSP00000223023	0	0	0	0	0	0	0.900	0.319	0.929
GAB1	KITLG	9606.ENSP00000262995	9606.ENSP00000228280	0	0	0	0	0	0	0.900	0.153	0.911
GAB1	TGFA	9606.ENSP00000262995	9606.ENSP00000295400	0	0	0	0	0.056	0	0.500	0.049	0.511
GAB1	STAT3	9606.ENSP00000262995	9606.ENSP00000264657	0	0	0	0	0	0	0	0.522	0.522
GAB1	PIK3R4	9606.ENSP00000262995	9606.ENSP00000349205	0	0	0	0	0.055	0	0.600	0.254	0.693
GAB1	PIK3CG	9606.ENSP00000262995	9606.ENSP00000352121	0	0	0	0	0.062	0.470	0.600	0.108	0.799
GAB1	SRC	9606.ENSP00000262995	9606.ENSP00000362680	0	0	0	0	0.049	0.239	0.900	0.660	0.972
GAB1	PIK3R1	9606.ENSP00000262995	9606.ENSP00000428056	0	0	0	0	0.062	0.906	0.900	0.303	0.993
GALNT14	MUC5B	9606.ENSP00000314500	9606.ENSP00000436812	0	0	0	0	0.062	0	0.900	0.053	0.903
GALNT14	MUC4	9606.ENSP00000314500	9606.ENSP00000417498	0	0	0	0	0	0	0.900	0.184	0.914
GALNT14	MUC15	9606.ENSP00000314500	9606.ENSP00000416753	0	0	0	0	0	0	0.900	0.469	0.944
GALNT14	MUC13	9606.ENSP00000314500	9606.ENSP00000485028	0	0	0	0	0	0.270	0.900	0.725	0.978
GAS1	IHH	9606.ENSP00000298743	9606.ENSP00000295731	0	0	0	0	0	0.245	0.600	0.523	0.843
GAS1	PTCH1	9606.ENSP00000298743	9606.ENSP00000332353	0	0	0	0	0	0	0.800	0.966	0.993
GLS	SLC1A2	9606.ENSP00000317379	9606.ENSP00000278379	0.050	0	0	0	0.052	0	0	0.396	0.408
GLS	SLC38A1	9606.ENSP00000317379	9606.ENSP00000449756	0	0	0	0	0.062	0	0	0.472	0.484
GLS	SLC2A1	9606.ENSP00000317379	9606.ENSP00000416293	0	0	0	0	0	0.056	0	0.528	0.536
GNG11	PIK3CG	9606.ENSP00000248564	9606.ENSP00000352121	0	0	0	0	0.051	0	0.600	0.065	0.614
GNG11	PIK3R1	9606.ENSP00000248564	9606.ENSP00000428056	0	0	0	0	0	0	0.600	0.162	0.650
GNG11	PRKCA	9606.ENSP00000248564	9606.ENSP00000408695	0	0	0	0	0	0.102	0.650	0.128	0.702
GNG11	SRC	9606.ENSP00000248564	9606.ENSP00000362680	0	0	0	0	0	0.056	0.900	0.042	0.901
H2AFY	ZMYND8	9606.ENSP00000423563	9606.ENSP00000420095	0	0	0	0	0	0.479	0	0.155	0.540
HAVCR2	STAT3	9606.ENSP00000312002	9606.ENSP00000264657	0	0	0	0	0	0	0	0.459	0.459
HAVCR2	SRC	9606.ENSP00000312002	9606.ENSP00000362680	0	0	0	0	0	0	0	0.480	0.480
HAVCR2	STAT1	9606.ENSP00000312002	9606.ENSP00000354394	0	0	0	0	0	0	0	0.519	0.519
HAVCR2	ITGAX	9606.ENSP00000312002	9606.ENSP00000454623	0	0	0	0	0.225	0	0	0.517	0.609
HAVCR2	TNF	9606.ENSP00000312002	9606.ENSP00000398698	0	0	0	0	0.089	0	0	0.641	0.659
HAVCR2	PIK3R1	9606.ENSP00000312002	9606.ENSP00000428056	0	0	0	0	0	0.428	0	0.456	0.675
HIPK3	TLE1	9606.ENSP00000304226	9606.ENSP00000365682	0	0	0	0	0.063	0.369	0	0.140	0.447
HIPK3	TPM3	9606.ENSP00000304226	9606.ENSP00000357516	0	0	0	0	0	0.065	0	0.440	0.454
HK3	IDH3G	9606.ENSP00000292432	9606.ENSP00000217901	0	0	0	0	0.082	0.075	0	0.476	0.516
HK3	MARCO	9606.ENSP00000292432	9606.ENSP00000318916	0	0	0	0	0.471	0	0	0	0.471
HK3	ITGAX	9606.ENSP00000292432	9606.ENSP00000454623	0	0	0	0	0.554	0	0	0.080	0.572
HMGB2	MCM6	9606.ENSP00000296503	9606.ENSP00000264156	0	0	0	0	0.421	0.056	0	0.053	0.437
HMGB2	TCEA1	9606.ENSP00000296503	9606.ENSP00000428426	0	0	0	0	0.081	0.057	0	0.411	0.445
HMGB2	NCL	9606.ENSP00000296503	9606.ENSP00000318195	0	0	0	0	0.140	0.060	0	0.614	0.661
HMOX1	SLC30A1	9606.ENSP00000216117	9606.ENSP00000355968	0	0	0	0	0.196	0	0	0.287	0.403
HMOX1	SLC2A1	9606.ENSP00000216117	9606.ENSP00000416293	0	0	0	0	0	0	0	0.406	0.406
HMOX1	SRC	9606.ENSP00000216117	9606.ENSP00000362680	0	0	0	0	0.076	0.056	0	0.423	0.452
HMOX1	STAT1	9606.ENSP00000216117	9606.ENSP00000354394	0	0	0	0	0	0	0	0.455	0.455
HMOX1	MMP2	9606.ENSP00000216117	9606.ENSP00000219070	0	0	0	0	0	0	0	0.486	0.486
HMOX1	SELE	9606.ENSP00000216117	9606.ENSP00000331736	0	0	0	0	0	0	0	0.509	0.509
HMOX1	TFRC	9606.ENSP00000216117	9606.ENSP00000353224	0	0	0	0	0	0	0	0.509	0.509
HMOX1	MMP9	9606.ENSP00000216117	9606.ENSP00000361405	0	0	0	0	0.088	0	0	0.619	0.637
HMOX1	STAT3	9606.ENSP00000216117	9606.ENSP00000264657	0	0	0	0	0	0	0	0.714	0.714
HMOX1	TNF	9606.ENSP00000216117	9606.ENSP00000398698	0	0	0	0	0	0	0	0.775	0.775
HNRNPM	SYF2	9606.ENSP00000325376	9606.ENSP00000236273	0	0	0	0	0.106	0	0.540	0.176	0.632
HNRNPM	SRRM2	9606.ENSP00000325376	9606.ENSP00000301740	0	0	0	0	0.106	0.382	0	0.287	0.571
HNRNPM	NCL	9606.ENSP00000325376	9606.ENSP00000318195	0	0	0	0	0.453	0.133	0	0.244	0.610
HNRNPM	RBM47	9606.ENSP00000325376	9606.ENSP00000371212	0	0	0	0	0.065	0.105	0	0.413	0.466
HNRNPM	PRPF40A	9606.ENSP00000325376	9606.ENSP00000386458	0	0	0	0	0.258	0.346	0	0.101	0.526
HNRNPM	SRSF7	9606.ENSP00000325376	9606.ENSP00000325905	0	0	0	0	0.744	0.246	0	0.500	0.895
HOPX	OLFM4	9606.ENSP00000450527	9606.ENSP00000219022	0	0	0	0	0	0	0	0.606	0.606
HOXA11	MMP2	9606.ENSP00000006015	9606.ENSP00000219070	0	0	0	0	0.076	0	0	0.415	0.436
HOXA11	PGR	9606.ENSP00000006015	9606.ENSP00000325120	0	0	0	0	0	0.070	0	0.465	0.481
HPS3	HPS6	9606.ENSP00000296051	9606.ENSP00000299238	0	0	0	0	0.191	0.234	0.720	0.959	0.992
HSPD1	TIMM13	9606.ENSP00000373620	9606.ENSP00000215570	0	0	0	0	0.200	0	0	0.570	0.642
HSPD1	PSMA3	9606.ENSP00000373620	9606.ENSP00000216455	0	0	0	0	0.441	0.494	0	0.099	0.723
HSPD1	IDH3G	9606.ENSP00000373620	9606.ENSP00000217901	0	0	0	0	0.083	0.143	0.900	0.082	0.918
HSPD1	ZFP36L2	9606.ENSP00000373620	9606.ENSP00000282388	0	0	0	0	0	0.270	0	0.286	0.456
HSPD1	PRDX3	9606.ENSP00000373620	9606.ENSP00000298510	0	0	0	0	0.196	0.241	0	0.349	0.569
HSPD1	NCL	9606.ENSP00000373620	9606.ENSP00000318195	0	0	0	0	0.601	0	0	0.118	0.633
HSPD1	PAPLN	9606.ENSP00000373620	9606.ENSP00000345395	0	0	0	0	0	0.761	0	0.043	0.761
HSPD1	VDAC3	9606.ENSP00000373620	9606.ENSP00000428845	0	0	0	0	0.154	0.058	0	0.319	0.410
HSPD1	LARS	9606.ENSP00000373620	9606.ENSP00000377954	0.047	0	0	0	0.111	0.215	0	0.260	0.442
HSPD1	TNF	9606.ENSP00000373620	9606.ENSP00000398698	0	0	0	0	0	0	0	0.523	0.523
HSPD1	ITGB1	9606.ENSP00000373620	9606.ENSP00000379350	0	0	0	0	0.110	0.465	0	0.225	0.598
HTR3A	TANC1	9606.ENSP00000347754	9606.ENSP00000263635	0	0	0	0	0	0	0	0.494	0.494
HTR3A	SLC18A2	9606.ENSP00000347754	9606.ENSP00000298472	0	0	0	0	0.062	0	0	0.401	0.414
HTR3A	MAOB	9606.ENSP00000347754	9606.ENSP00000367309	0	0	0	0	0	0	0	0.439	0.439
HTR3A	LHX6	9606.ENSP00000347754	9606.ENSP00000377854	0	0	0	0	0	0.057	0	0.547	0.554
HUWE1	PSMA3	9606.ENSP00000340648	9606.ENSP00000216455	0	0	0	0	0.073	0.340	0	0.109	0.407
HUWE1	UBE2S	9606.ENSP00000340648	9606.ENSP00000264552	0	0	0	0	0.062	0.160	0	0.452	0.530
HUWE1	SRRM2	9606.ENSP00000340648	9606.ENSP00000301740	0	0	0	0	0.467	0	0	0	0.467
HUWE1	MAX	9606.ENSP00000340648	9606.ENSP00000351490	0	0	0	0	0	0.104	0.900	0.067	0.909
IDH3G	SDHD	9606.ENSP00000217901	9606.ENSP00000364699	0	0	0	0	0.088	0.181	0	0.602	0.677
IDUA	WBSCR22	9606.ENSP00000247933	9606.ENSP00000401191	0	0	0	0	0	0	0	0.405	0.405
IDUA	TFRC	9606.ENSP00000247933	9606.ENSP00000353224	0	0	0	0	0	0	0	0.423	0.424
IER5	SIPA1L3	9606.ENSP00000356549	9606.ENSP00000222345	0	0	0	0	0	0	0	0.554	0.554
IFT80	PTCH1	9606.ENSP00000312778	9606.ENSP00000332353	0	0	0	0	0	0	0	0.425	0.425
IFT80	RDH11	9606.ENSP00000312778	9606.ENSP00000370750	0	0	0	0	0.065	0	0	0.473	0.486
IFT80	SCD	9606.ENSP00000312778	9606.ENSP00000359380	0	0	0	0	0	0	0	0.499	0.499
IGF2BP2	TSPAN8	9606.ENSP00000371634	9606.ENSP00000377003	0	0	0	0	0	0	0	0.681	0.681
IGF2R	OTUD7B	9606.ENSP00000349437	9606.ENSP00000462729	0	0	0	0	0	0	0	0.413	0.412
IGF2R	TFRC	9606.ENSP00000349437	9606.ENSP00000353224	0	0	0	0	0	0	0.500	0.473	0.725
IGF2R	SNX5	9606.ENSP00000349437	9606.ENSP00000366998	0	0	0	0	0.056	0	0.900	0.876	0.987
IHH	LEF1	9606.ENSP00000295731	9606.ENSP00000265165	0	0	0	0	0	0	0	0.404	0.404
IHH	PPTC7	9606.ENSP00000295731	9606.ENSP00000346255	0	0	0	0	0	0.401	0	0	0.400
IHH	MMP9	9606.ENSP00000295731	9606.ENSP00000361405	0	0	0	0	0.062	0	0	0.391	0.404
IHH	RUNX3	9606.ENSP00000295731	9606.ENSP00000382800	0	0	0	0	0	0	0	0.457	0.457
IHH	PTCH1	9606.ENSP00000295731	9606.ENSP00000332353	0	0	0	0	0.064	0.737	0.900	0.992	0.999
IRAK2	STAT1	9606.ENSP00000256458	9606.ENSP00000354394	0	0	0	0	0	0.140	0	0.395	0.457
IRAK2	TNF	9606.ENSP00000256458	9606.ENSP00000398698	0	0	0	0	0.087	0.056	0	0.481	0.514
IRAK2	IRAK3	9606.ENSP00000256458	9606.ENSP00000261233	0	0	0	0.635	0.062	0.663	0.900	0.916	0.977
IRAK3	STAT3	9606.ENSP00000261233	9606.ENSP00000264657	0	0	0	0	0.062	0.253	0	0.299	0.466
IRAK3	TNF	9606.ENSP00000261233	9606.ENSP00000398698	0	0	0	0	0.097	0.056	0	0.574	0.605
ISM1	MUC4	9606.ENSP00000262487	9606.ENSP00000417498	0	0	0	0	0	0	0	0.723	0.723
ITGAX	KITLG	9606.ENSP00000454623	9606.ENSP00000228280	0	0	0	0	0	0	0	0.435	0.435
ITGAX	STAT3	9606.ENSP00000454623	9606.ENSP00000264657	0	0	0	0	0.062	0	0	0.569	0.579
ITGAX	SELE	9606.ENSP00000454623	9606.ENSP00000331736	0	0	0	0	0	0	0	0.427	0.427
ITGAX	TFRC	9606.ENSP00000454623	9606.ENSP00000353224	0	0	0	0	0	0	0	0.494	0.494
ITGAX	STAT1	9606.ENSP00000454623	9606.ENSP00000354394	0	0	0	0	0.062	0	0	0.567	0.577
ITGAX	MMP9	9606.ENSP00000454623	9606.ENSP00000361405	0	0	0	0	0.163	0	0	0.404	0.479
ITGAX	SRC	9606.ENSP00000454623	9606.ENSP00000362680	0	0	0	0	0	0.075	0.600	0.298	0.717
ITGAX	MLLT4	9606.ENSP00000454623	9606.ENSP00000375960	0	0	0	0	0	0	0	0.768	0.768
ITGAX	ITGB1	9606.ENSP00000454623	9606.ENSP00000379350	0	0	0	0	0.063	0.190	0.800	0.490	0.912
ITGAX	TNF	9606.ENSP00000454623	9606.ENSP00000398698	0	0	0	0	0.142	0	0	0.823	0.842
ITGB1	VCL	9606.ENSP00000379350	9606.ENSP00000211998	0	0	0	0	0.258	0.354	0.900	0.895	0.994
ITGB1	MMP2	9606.ENSP00000379350	9606.ENSP00000219070	0	0	0	0	0.107	0.291	0	0.527	0.675
ITGB1	WASL	9606.ENSP00000379350	9606.ENSP00000223023	0	0	0	0	0.062	0.182	0	0.322	0.434
ITGB1	KITLG	9606.ENSP00000379350	9606.ENSP00000228280	0	0	0	0	0.070	0	0	0.542	0.556
ITGB1	VWF	9606.ENSP00000379350	9606.ENSP00000261405	0	0	0	0	0.063	0.060	0.600	0.542	0.817
ITGB1	STAT3	9606.ENSP00000379350	9606.ENSP00000264657	0	0	0	0	0.063	0	0	0.448	0.461
ITGB1	PDLIM2	9606.ENSP00000379350	9606.ENSP00000312634	0	0	0	0	0	0.078	0	0.380	0.404
ITGB1	NCL	9606.ENSP00000379350	9606.ENSP00000318195	0	0	0	0	0	0	0	0.450	0.450
ITGB1	SELE	9606.ENSP00000379350	9606.ENSP00000331736	0	0	0	0	0.063	0	0	0.439	0.452
ITGB1	PIK3CG	9606.ENSP00000379350	9606.ENSP00000352121	0	0	0	0	0.079	0	0	0.448	0.470
ITGB1	TFRC	9606.ENSP00000379350	9606.ENSP00000353224	0	0	0	0	0.049	0	0	0.599	0.602
ITGB1	MSN	9606.ENSP00000379350	9606.ENSP00000353408	0	0	0	0	0.088	0	0	0.394	0.424
ITGB1	LAMC3	9606.ENSP00000379350	9606.ENSP00000354360	0	0	0	0	0.063	0.130	0.900	0.251	0.930
ITGB1	MMP9	9606.ENSP00000379350	9606.ENSP00000361405	0	0	0	0	0	0.069	0	0.625	0.637
ITGB1	SRC	9606.ENSP00000379350	9606.ENSP00000362680	0	0	0	0	0.064	0.070	0.900	0.869	0.987
ITGB1	TNF	9606.ENSP00000379350	9606.ENSP00000398698	0	0	0	0	0	0.057	0	0.540	0.548
ITGB1	PIK3R1	9606.ENSP00000379350	9606.ENSP00000428056	0	0	0	0	0	0.386	0.900	0.213	0.947
ITGB1	PRKCA	9606.ENSP00000379350	9606.ENSP00000408695	0	0	0	0	0	0.495	0.600	0.876	0.972
JMJD1C	PAPLN	9606.ENSP00000382204	9606.ENSP00000345395	0	0	0	0	0	0	0	0.452	0.452
JMJD1C	PIK3CG	9606.ENSP00000382204	9606.ENSP00000352121	0	0	0	0	0.066	0	0	0.397	0.412
JMJD1C	NAP1L4	9606.ENSP00000382204	9606.ENSP00000369915	0	0	0	0	0	0	0	0.458	0.457
KAT6A	MLLT1	9606.ENSP00000380136	9606.ENSP00000252674	0	0	0	0	0.063	0.250	0	0.558	0.662
KDSR	PAPLN	9606.ENSP00000385083	9606.ENSP00000345395	0	0	0	0	0	0	0	0.441	0.441
KIF1A	PPFIA4	9606.ENSP00000438388	9606.ENSP00000272198	0	0	0	0	0.130	0.250	0	0.407	0.579
KIF1A	VAMP1	9606.ENSP00000438388	9606.ENSP00000379602	0	0	0	0	0	0.056	0	0.620	0.626
KIF1A	PAFAH1B2	9606.ENSP00000438388	9606.ENSP00000435289	0	0	0	0	0	0	0	0.605	0.605
KITLG	VWF	9606.ENSP00000228280	9606.ENSP00000261405	0	0	0	0	0	0	0	0.424	0.424
KITLG	LEF1	9606.ENSP00000228280	9606.ENSP00000265165	0	0	0	0	0	0	0	0.451	0.451
KITLG	TFRC	9606.ENSP00000228280	9606.ENSP00000353224	0	0	0	0	0	0	0	0.518	0.518
KITLG	TNF	9606.ENSP00000228280	9606.ENSP00000398698	0	0	0	0	0	0	0	0.612	0.612
KITLG	YES1	9606.ENSP00000228280	9606.ENSP00000462468	0	0	0	0	0.089	0	0.600	0.101	0.643
KITLG	STAT1	9606.ENSP00000228280	9606.ENSP00000354394	0	0	0	0	0	0	0.600	0.302	0.708
KITLG	SRC	9606.ENSP00000228280	9606.ENSP00000362680	0	0	0	0	0.062	0	0.500	0.503	0.746
KITLG	MCM6	9606.ENSP00000228280	9606.ENSP00000264156	0	0	0	0	0	0	0.900	0.090	0.905
KITLG	PRKCA	9606.ENSP00000228280	9606.ENSP00000408695	0	0	0	0	0.060	0	0.900	0.162	0.914
KITLG	PIK3R1	9606.ENSP00000228280	9606.ENSP00000428056	0	0	0	0	0	0	0.900	0.403	0.937
KITLG	STAT3	9606.ENSP00000228280	9606.ENSP00000264657	0	0	0	0	0.056	0	0.900	0.479	0.946
KITLG	MMP9	9606.ENSP00000228280	9606.ENSP00000361405	0	0	0	0	0	0	0.900	0.535	0.951
LAMC3	SRC	9606.ENSP00000354360	9606.ENSP00000362680	0	0	0	0	0.062	0.056	0.900	0.219	0.921
LARS	NXT2	9606.ENSP00000377954	9606.ENSP00000218004	0	0	0	0	0	0	0	0.432	0.432
LARS	RHEB	9606.ENSP00000377954	9606.ENSP00000262187	0	0	0	0	0	0	0	0.581	0.581
LARS	TFB2M	9606.ENSP00000377954	9606.ENSP00000355471	0.111	0	0	0	0.142	0.153	0	0.202	0.415
LARS	RPS14	9606.ENSP00000377954	9606.ENSP00000385958	0.074	0	0	0	0.095	0.184	0	0.861	0.892
LEF1	SOX4	9606.ENSP00000265165	9606.ENSP00000244745	0	0	0	0	0.062	0.153	0.600	0.542	0.835
LEF1	WISP1	9606.ENSP00000265165	9606.ENSP00000250160	0	0	0	0	0	0	0	0.426	0.426
LEF1	TBX3	9606.ENSP00000265165	9606.ENSP00000257566	0	0	0	0	0.062	0.180	0	0.399	0.497
LEF1	STAT3	9606.ENSP00000265165	9606.ENSP00000264657	0	0	0	0	0.049	0	0	0.428	0.433
LEF1	ZBTB33	9606.ENSP00000265165	9606.ENSP00000314153	0	0	0	0	0	0.137	0	0.352	0.417
LEF1	PTCH1	9606.ENSP00000265165	9606.ENSP00000332353	0	0	0	0	0	0	0	0.472	0.472
LEF1	SFRP4	9606.ENSP00000265165	9606.ENSP00000410715	0	0	0	0	0.062	0	0	0.523	0.534
LEF1	RUNX3	9606.ENSP00000265165	9606.ENSP00000382800	0	0	0	0	0.073	0	0.600	0.393	0.755
LEF1	TLE1	9606.ENSP00000265165	9606.ENSP00000365682	0	0	0	0	0.062	0.792	0.900	0.757	0.994
LGR4	NPC1	9606.ENSP00000368516	9606.ENSP00000269228	0	0	0	0	0.062	0.270	0	0.451	0.591
LHX6	SLC2A5	9606.ENSP00000377854	9606.ENSP00000366641	0	0	0	0	0	0.056	0	0.406	0.415
LRRC16A	MICALL2	9606.ENSP00000331983	9606.ENSP00000297508	0	0	0	0	0	0	0.540	0	0.540
LRRC16A	PDLIM2	9606.ENSP00000331983	9606.ENSP00000312634	0	0	0	0	0	0	0.540	0	0.540
LRRC16A	PDLIM5	9606.ENSP00000331983	9606.ENSP00000480359	0	0	0	0	0	0	0.540	0	0.540
LRRC16A	NCKAP1	9606.ENSP00000331983	9606.ENSP00000354251	0	0	0	0	0.062	0	0.540	0.111	0.582
LY6D	LY6K	9606.ENSP00000301263	9606.ENSP00000292430	0	0	0	0	0.063	0	0	0.467	0.480
LY6D	TRIM29	9606.ENSP00000301263	9606.ENSP00000343129	0	0	0	0	0.239	0	0	0.601	0.684
MAOB	SLC18A2	9606.ENSP00000367309	9606.ENSP00000298472	0	0	0	0	0.064	0	0	0.688	0.695
MAP3K1	TRIB3	9606.ENSP00000382423	9606.ENSP00000217233	0	0	0	0	0.062	0.142	0	0.379	0.457
MAP3K1	TBX3	9606.ENSP00000382423	9606.ENSP00000257566	0	0	0	0	0	0.065	0	0.455	0.468
MAP3K1	UBE2S	9606.ENSP00000382423	9606.ENSP00000264552	0	0	0	0	0	0.140	0	0.406	0.467
MAP3K1	RNF31	9606.ENSP00000382423	9606.ENSP00000315112	0	0	0	0	0	0	0	0.415	0.415
MAP3K1	PGR	9606.ENSP00000382423	9606.ENSP00000325120	0	0	0	0	0	0	0	0.401	0.400
MAP3K1	VAV3	9606.ENSP00000382423	9606.ENSP00000359073	0	0	0	0	0	0	0.650	0.085	0.666
MAP3K1	PIK3R1	9606.ENSP00000382423	9606.ENSP00000428056	0	0	0	0	0.062	0	0	0.419	0.431
MAP3K1	TNF	9606.ENSP00000382423	9606.ENSP00000398698	0	0	0	0	0	0	0.900	0.396	0.937
MAP3K13	TMEM126B	9606.ENSP00000265026	9606.ENSP00000351737	0	0	0	0	0	0	0	0.405	0.405
MARVELD1	SMG1	9606.ENSP00000441365	9606.ENSP00000402515	0	0	0	0	0	0	0	0.410	0.410
MAX	TAF10	9606.ENSP00000351490	9606.ENSP00000299424	0	0	0	0	0	0	0.900	0	0.900
MAX	SDHD	9606.ENSP00000351490	9606.ENSP00000364699	0	0	0	0	0	0	0	0.613	0.613
MBNL2	MLLT1	9606.ENSP00000267287	9606.ENSP00000252674	0	0	0	0	0	0	0	0.466	0.466
MBNL2	NFIX	9606.ENSP00000267287	9606.ENSP00000380781	0	0	0	0	0.088	0	0	0.407	0.436
MBNL2	RBM47	9606.ENSP00000267287	9606.ENSP00000371212	0	0	0	0	0.062	0.190	0	0.403	0.507
MCM6	PSMA3	9606.ENSP00000264156	9606.ENSP00000216455	0	0	0	0	0.124	0.283	0	0.202	0.456
MCM6	UBE2S	9606.ENSP00000264156	9606.ENSP00000264552	0	0	0	0	0.123	0.104	0	0.304	0.405
MICALL2	NCKAP1	9606.ENSP00000297508	9606.ENSP00000354251	0	0	0	0	0	0.078	0.540	0.053	0.563
MICALL2	PDLIM2	9606.ENSP00000297508	9606.ENSP00000312634	0	0	0	0	0	0.149	0.540	0.059	0.599
MICALL2	PDLIM5	9606.ENSP00000297508	9606.ENSP00000480359	0	0	0	0	0	0.149	0.540	0.059	0.599
MLLT1	SRSF7	9606.ENSP00000252674	9606.ENSP00000325905	0	0	0	0	0.055	0	0	0.490	0.498
MLLT1	TAF10	9606.ENSP00000252674	9606.ENSP00000299424	0	0	0	0	0.049	0.528	0	0.185	0.602
MLLT1	MLLT4	9606.ENSP00000252674	9606.ENSP00000375960	0	0	0	0	0	0	0	0.716	0.716
MLLT1	TCEA1	9606.ENSP00000252674	9606.ENSP00000428426	0	0	0	0	0.097	0.182	0.800	0.229	0.870
MLLT4	VCL	9606.ENSP00000375960	9606.ENSP00000211998	0	0	0	0	0.052	0.077	0	0.928	0.932
MLLT4	SRC	9606.ENSP00000375960	9606.ENSP00000362680	0	0	0	0	0.062	0.322	0.900	0.413	0.957
MLLT4	VDAC3	9606.ENSP00000375960	9606.ENSP00000428845	0	0	0	0	0	0	0.540	0	0.540
MLLT4	PIK3R1	9606.ENSP00000375960	9606.ENSP00000428056	0	0	0	0	0	0	0.900	0.071	0.903
MLLT4	YES1	9606.ENSP00000375960	9606.ENSP00000462468	0	0	0	0	0.089	0.067	0.900	0.195	0.922
MMP2	VCL	9606.ENSP00000219070	9606.ENSP00000211998	0	0	0	0	0.090	0	0	0.385	0.416
MMP2	SERPINA1	9606.ENSP00000219070	9606.ENSP00000416066	0	0	0	0	0	0.056	0	0.391	0.400
MMP2	SLC2A1	9606.ENSP00000219070	9606.ENSP00000416293	0	0	0	0	0	0	0	0.405	0.405
MMP2	WISP1	9606.ENSP00000219070	9606.ENSP00000250160	0	0	0	0	0.229	0	0	0.280	0.421
MMP2	PGR	9606.ENSP00000219070	9606.ENSP00000325120	0	0	0	0	0	0	0	0.426	0.426
MMP2	TWIST2	9606.ENSP00000219070	9606.ENSP00000482581	0	0	0	0	0.293	0	0	0.310	0.492
MMP2	VWF	9606.ENSP00000219070	9606.ENSP00000261405	0	0	0	0	0.089	0	0	0.470	0.496
MMP2	SELE	9606.ENSP00000219070	9606.ENSP00000331736	0	0	0	0	0	0	0	0.504	0.504
MMP2	TNF	9606.ENSP00000219070	9606.ENSP00000398698	0	0	0	0	0	0	0	0.734	0.734
MMP2	MMP9	9606.ENSP00000219070	9606.ENSP00000361405	0	0	0	0.929	0.062	0	0.900	0.923	0.908
MMP2	SRC	9606.ENSP00000219070	9606.ENSP00000362680	0	0	0	0	0	0	0.900	0.622	0.960
MMP2	STAT3	9606.ENSP00000219070	9606.ENSP00000264657	0	0	0	0	0	0.273	0.900	0.683	0.975
MMP8	OLFM4	9606.ENSP00000236826	9606.ENSP00000219022	0	0	0	0	0.119	0	0	0.394	0.443
MMP8	SERPINA1	9606.ENSP00000236826	9606.ENSP00000416066	0	0	0	0	0.077	0.056	0	0.391	0.423
MMP8	STAT3	9606.ENSP00000236826	9606.ENSP00000264657	0	0	0	0	0	0	0	0.448	0.448
MMP8	TCN1	9606.ENSP00000236826	9606.ENSP00000257264	0	0	0	0	0.166	0	0	0.506	0.570
MMP8	MMP9	9606.ENSP00000236826	9606.ENSP00000361405	0	0	0	0.738	0.546	0	0	0.888	0.651
MMP8	TNF	9606.ENSP00000236826	9606.ENSP00000398698	0	0	0	0	0.064	0	0	0.667	0.675
MMP9	VWF	9606.ENSP00000361405	9606.ENSP00000261405	0	0	0	0	0.077	0	0	0.580	0.596
MMP9	STAT3	9606.ENSP00000361405	9606.ENSP00000264657	0	0	0	0	0	0	0.900	0.746	0.973
MMP9	PGR	9606.ENSP00000361405	9606.ENSP00000325120	0	0	0	0	0	0	0	0.500	0.499
MMP9	SELE	9606.ENSP00000361405	9606.ENSP00000331736	0	0	0	0	0	0	0	0.634	0.634
MMP9	STAT1	9606.ENSP00000361405	9606.ENSP00000354394	0	0	0	0	0	0	0	0.537	0.537
MMP9	PRKCA	9606.ENSP00000361405	9606.ENSP00000408695	0	0	0	0	0	0	0	0.503	0.503
MMP9	SERPINA1	9606.ENSP00000361405	9606.ENSP00000416066	0	0	0	0	0.110	0.056	0	0.513	0.555
MMP9	TNF	9606.ENSP00000361405	9606.ENSP00000398698	0	0	0	0	0.176	0	0	0.872	0.890
MMP9	SRC	9606.ENSP00000361405	9606.ENSP00000362680	0	0	0	0	0.089	0	0.900	0.700	0.970
MMRN1	VWF	9606.ENSP00000378431	9606.ENSP00000261405	0	0	0	0	0.148	0	0	0.501	0.557
MMRN1	TC2N	9606.ENSP00000378431	9606.ENSP00000387882	0	0	0	0	0.062	0	0	0.619	0.627
MSANTD4	NXT2	9606.ENSP00000304713	9606.ENSP00000218004	0	0	0	0	0	0	0	0.505	0.505
MSN	VCL	9606.ENSP00000353408	9606.ENSP00000211998	0	0	0	0	0.088	0.213	0	0.690	0.758
MSN	WASL	9606.ENSP00000353408	9606.ENSP00000223023	0	0	0	0	0	0	0	0.619	0.619
MSN	RBL2	9606.ENSP00000353408	9606.ENSP00000262133	0	0	0	0	0	0	0	0.423	0.422
MSN	NUDC	9606.ENSP00000353408	9606.ENSP00000319664	0	0	0	0	0	0	0	0.450	0.450
MSN	STK24	9606.ENSP00000353408	9606.ENSP00000365730	0	0	0	0	0.070	0.216	0	0.308	0.451
MSN	S1PR2	9606.ENSP00000353408	9606.ENSP00000466933	0	0	0	0	0.062	0	0	0.454	0.466
MSN	SRC	9606.ENSP00000353408	9606.ENSP00000362680	0	0	0	0	0	0.056	0	0.791	0.794
MT1G	SLC30A1	9606.ENSP00000391397	9606.ENSP00000355968	0	0	0	0	0	0	0	0.482	0.482
MUC13	TSPAN8	9606.ENSP00000485028	9606.ENSP00000377003	0	0	0	0	0.327	0	0	0.337	0.534
MUC13	MUC15	9606.ENSP00000485028	9606.ENSP00000416753	0	0	0	0	0	0	0.900	0.819	0.981
MUC13	MUC4	9606.ENSP00000485028	9606.ENSP00000417498	0	0	0	0	0.077	0	0.900	0.834	0.983
MUC13	MUC5B	9606.ENSP00000485028	9606.ENSP00000436812	0	0	0	0	0.085	0	0.900	0.739	0.974
MUC15	VWF	9606.ENSP00000416753	9606.ENSP00000261405	0	0	0	0	0.064	0	0	0.412	0.426
MUC15	MUC5B	9606.ENSP00000416753	9606.ENSP00000436812	0	0	0	0	0.085	0	0.900	0.748	0.975
MUC15	MUC4	9606.ENSP00000416753	9606.ENSP00000417498	0	0	0	0	0	0	0.900	0.780	0.977
MUC4	STAT1	9606.ENSP00000417498	9606.ENSP00000354394	0	0	0	0	0	0.270	0	0.270	0.444
MUC4	SRC	9606.ENSP00000417498	9606.ENSP00000362680	0	0	0	0	0	0	0	0.511	0.511
MUC4	MUC5B	9606.ENSP00000417498	9606.ENSP00000436812	0	0	0	0.537	0.127	0	0.900	0.903	0.946
MUC5B	TNF	9606.ENSP00000436812	9606.ENSP00000398698	0	0	0	0	0	0.077	0	0.391	0.413
NAP1L4	NCL	9606.ENSP00000369915	9606.ENSP00000318195	0	0	0	0	0.108	0.864	0	0.121	0.884
NCKAP1	WASL	9606.ENSP00000354251	9606.ENSP00000223023	0	0	0	0	0.103	0.365	0.600	0.742	0.933
NCKAP1	TANC1	9606.ENSP00000354251	9606.ENSP00000263635	0	0	0	0	0.110	0.069	0	0.388	0.448
NCKAP1	PDLIM2	9606.ENSP00000354251	9606.ENSP00000312634	0	0	0	0	0.062	0	0.540	0.042	0.550
NCKAP1	ZNF292	9606.ENSP00000354251	9606.ENSP00000358590	0	0	0	0	0	0.056	0	0.405	0.414
NCKAP1	PDLIM5	9606.ENSP00000354251	9606.ENSP00000480359	0	0	0	0	0.089	0	0.540	0.042	0.563
NCL	PSMA3	9606.ENSP00000318195	9606.ENSP00000216455	0	0	0	0	0.228	0.270	0	0.069	0.430
NCL	UTP6	9606.ENSP00000318195	9606.ENSP00000261708	0	0	0	0	0.201	0	0.900	0.089	0.920
NCL	RPS9	9606.ENSP00000318195	9606.ENSP00000302896	0	0	0	0	0.140	0.211	0.900	0.142	0.934
NCL	TNF	9606.ENSP00000318195	9606.ENSP00000398698	0	0	0	0	0	0.123	0	0.358	0.413
NCL	RPL18	9606.ENSP00000318195	9606.ENSP00000447001	0	0	0	0	0.167	0.319	0	0.048	0.414
NCL	SRC	9606.ENSP00000318195	9606.ENSP00000362680	0	0	0	0	0.056	0.056	0	0.409	0.427
NCL	STAT1	9606.ENSP00000318195	9606.ENSP00000354394	0	0	0	0	0	0	0	0.484	0.484
NCL	RPS14	9606.ENSP00000318195	9606.ENSP00000385958	0	0	0	0	0.107	0.169	0.900	0.230	0.935
NEIL1	SCD	9606.ENSP00000347170	9606.ENSP00000359380	0	0	0	0	0	0	0	0.487	0.487
NEIL1	RBM47	9606.ENSP00000347170	9606.ENSP00000371212	0	0	0	0	0	0	0	0.515	0.515
NPC1	TFRC	9606.ENSP00000269228	9606.ENSP00000353224	0	0	0	0	0.062	0	0	0.518	0.528
NUDC	PSMA3	9606.ENSP00000319664	9606.ENSP00000216455	0	0	0	0	0.649	0	0	0	0.649
NUDC	NUDCD2	9606.ENSP00000319664	9606.ENSP00000304854	0	0	0	0	0.155	0	0	0.708	0.742
NUDC	RPL13	9606.ENSP00000319664	9606.ENSP00000307889	0	0	0	0	0.446	0	0	0	0.446
NUDC	PAFAH1B2	9606.ENSP00000319664	9606.ENSP00000435289	0	0	0	0	0.062	0.182	0	0.312	0.426
NUP43	NUP88	9606.ENSP00000342262	9606.ENSP00000458954	0	0	0	0	0.093	0	0.800	0.627	0.926
NUP88	RANBP3	9606.ENSP00000458954	9606.ENSP00000341483	0	0	0	0	0.129	0	0	0.640	0.673
OGN	SFRP4	9606.ENSP00000262551	9606.ENSP00000410715	0	0	0	0	0.184	0	0	0.295	0.400
OTUD7B	UBE2S	9606.ENSP00000462729	9606.ENSP00000264552	0	0	0	0	0	0.310	0	0.445	0.600
OTUD7B	RNF31	9606.ENSP00000462729	9606.ENSP00000315112	0	0	0	0	0	0.058	0.900	0.455	0.944
OTUD7B	USP33	9606.ENSP00000462729	9606.ENSP00000359829	0	0	0	0	0.062	0	0	0.466	0.478
OTUD7B	TNF	9606.ENSP00000462729	9606.ENSP00000398698	0	0	0	0	0.062	0.058	0.900	0.260	0.925
PAFAH1B2	RBBP9	9606.ENSP00000435289	9606.ENSP00000336866	0	0	0	0	0.072	0	0	0.475	0.492
PAFAH1B2	VAMP1	9606.ENSP00000435289	9606.ENSP00000379602	0	0	0	0	0	0	0	0.509	0.509
PAPLN	PRDX3	9606.ENSP00000345395	9606.ENSP00000298510	0	0	0	0	0	0.533	0	0	0.533
PAPOLA	PDLIM5	9606.ENSP00000216277	9606.ENSP00000480359	0	0	0	0	0.062	0	0	0.452	0.464
PAPOLA	SLC35A2	9606.ENSP00000216277	9606.ENSP00000416002	0	0	0	0	0	0	0	0.562	0.562
PAPOLA	ZC3H4	9606.ENSP00000216277	9606.ENSP00000253048	0	0	0	0	0.205	0.406	0	0.239	0.609
PAPOLA	SRSF7	9606.ENSP00000216277	9606.ENSP00000325905	0	0	0	0	0.083	0	0.800	0.111	0.822
PAQR5	PGR	9606.ENSP00000378803	9606.ENSP00000325120	0	0	0	0	0	0.056	0	0.475	0.483
PDE4A	SRC	9606.ENSP00000370078	9606.ENSP00000362680	0	0	0	0	0.079	0	0	0.678	0.691
PDE4A	VDAC3	9606.ENSP00000370078	9606.ENSP00000428845	0	0	0	0	0	0	0	0.425	0.424
PDE4A	TNF	9606.ENSP00000370078	9606.ENSP00000398698	0	0	0	0	0.062	0	0	0.568	0.577
PDK4	SCD	9606.ENSP00000005178	9606.ENSP00000359380	0	0	0	0	0	0	0	0.519	0.519
PDK4	SLC2A1	9606.ENSP00000005178	9606.ENSP00000416293	0	0	0	0	0.064	0.056	0	0.538	0.556
PDLIM2	PDLIM5	9606.ENSP00000312634	9606.ENSP00000480359	0	0	0	0.576	0	0	0.540	0.410	0.615
PDLIM5	STAT3	9606.ENSP00000480359	9606.ENSP00000264657	0	0	0	0	0.062	0	0	0.439	0.452
PDS5B	TUBGCP2	9606.ENSP00000313851	9606.ENSP00000446093	0	0	0	0	0.514	0	0	0	0.514
PGM5	VCL	9606.ENSP00000379678	9606.ENSP00000211998	0	0	0	0	0	0.271	0	0.232	0.416
PGR	STAT3	9606.ENSP00000325120	9606.ENSP00000264657	0	0	0	0	0	0.592	0	0.891	0.953
PGR	TNF	9606.ENSP00000325120	9606.ENSP00000398698	0	0	0	0	0	0	0	0.406	0.406
PGR	STAT1	9606.ENSP00000325120	9606.ENSP00000354394	0	0	0	0	0	0.056	0	0.442	0.451
PGR	PIK3R1	9606.ENSP00000325120	9606.ENSP00000428056	0	0	0	0	0	0.070	0.800	0.308	0.860
PGR	SRC	9606.ENSP00000325120	9606.ENSP00000362680	0	0	0	0	0.062	0.749	0.900	0.986	0.999
PIK3CG	RHEB	9606.ENSP00000352121	9606.ENSP00000262187	0	0	0	0	0.053	0.151	0	0.427	0.499
PIK3CG	SNX18	9606.ENSP00000352121	9606.ENSP00000317332	0	0	0	0	0.065	0	0.600	0.060	0.617
PIK3CG	PTCH1	9606.ENSP00000352121	9606.ENSP00000332353	0	0	0	0	0.062	0	0	0.432	0.444
PIK3CG	PIK3R4	9606.ENSP00000352121	9606.ENSP00000349205	0	0	0	0	0.065	0.258	0.720	0.652	0.923
PIK3CG	TNF	9606.ENSP00000352121	9606.ENSP00000398698	0	0	0	0	0.129	0	0	0.420	0.474
PIK3CG	VAV3	9606.ENSP00000352121	9606.ENSP00000359073	0	0	0	0	0.091	0	0.650	0.127	0.698
PIK3CG	PLCE1	9606.ENSP00000352121	9606.ENSP00000360431	0	0	0	0	0.062	0.102	0.650	0.123	0.706
PIK3CG	SRC	9606.ENSP00000352121	9606.ENSP00000362680	0	0	0	0	0.062	0.104	0.600	0.545	0.826
PIK3CG	PIK3R1	9606.ENSP00000352121	9606.ENSP00000428056	0	0	0	0	0.063	0.537	0.900	0.915	0.995
PIK3R1	UNC13D	9606.ENSP00000428056	9606.ENSP00000207549	0	0	0	0	0	0	0	0.548	0.548
PIK3R1	VCL	9606.ENSP00000428056	9606.ENSP00000211998	0	0	0	0	0	0	0.900	0.112	0.907
PIK3R1	VWF	9606.ENSP00000428056	9606.ENSP00000261405	0	0	0	0	0.067	0	0.600	0.111	0.639
PIK3R1	RHEB	9606.ENSP00000428056	9606.ENSP00000262187	0	0	0	0	0.053	0.060	0	0.403	0.422
PIK3R1	STAT3	9606.ENSP00000428056	9606.ENSP00000264657	0	0	0	0	0	0.280	0.900	0.418	0.954
PIK3R1	TGFA	9606.ENSP00000428056	9606.ENSP00000295400	0	0	0	0	0	0	0.500	0.151	0.557
PIK3R1	PIK3R4	9606.ENSP00000428056	9606.ENSP00000349205	0	0	0	0	0.082	0	0.720	0.333	0.813
PIK3R1	SPTBN1	9606.ENSP00000428056	9606.ENSP00000349259	0	0	0	0	0	0	0.600	0	0.600
PIK3R1	STAT1	9606.ENSP00000428056	9606.ENSP00000354394	0	0	0	0	0	0	0.900	0.425	0.940
PIK3R1	VAV3	9606.ENSP00000428056	9606.ENSP00000359073	0	0	0	0.547	0.062	0.462	0.650	0.179	0.820
PIK3R1	PLCE1	9606.ENSP00000428056	9606.ENSP00000360431	0	0	0	0	0	0.057	0.650	0.079	0.669
PIK3R1	TIE1	9606.ENSP00000428056	9606.ENSP00000361554	0	0	0	0	0.049	0.379	0	0.128	0.440
PIK3R1	SRC	9606.ENSP00000428056	9606.ENSP00000362680	0	0	0	0	0	0.889	0.900	0.974	0.999
PIK3R1	TLE1	9606.ENSP00000428056	9606.ENSP00000365682	0	0	0	0	0	0	0	0.468	0.468
PIK3R1	RPS6KA2	9606.ENSP00000428056	9606.ENSP00000427015	0	0	0	0	0.062	0.117	0	0.562	0.605
PIK3R1	YES1	9606.ENSP00000428056	9606.ENSP00000462468	0	0	0	0	0	0.316	0.600	0.192	0.760
PIK3R4	RHEB	9606.ENSP00000349205	9606.ENSP00000262187	0	0	0	0	0	0.076	0	0.512	0.530
PIK3R4	SMG1	9606.ENSP00000349205	9606.ENSP00000402515	0	0	0	0	0.119	0.258	0	0.171	0.411
PKHD1L1	PYROXD1	9606.ENSP00000367655	9606.ENSP00000240651	0	0	0	0	0	0	0	0.483	0.483
PLCE1	PRKCA	9606.ENSP00000360431	9606.ENSP00000408695	0	0	0	0	0.081	0.069	0.800	0.263	0.857
PLN	UST	9606.ENSP00000350132	9606.ENSP00000356433	0	0	0	0	0	0	0	0.489	0.489
PPFIA4	PTPRE	9606.ENSP00000272198	9606.ENSP00000254667	0	0	0	0	0.064	0.361	0	0.192	0.474
PPFIA4	PTPN20A	9606.ENSP00000272198	9606.ENSP00000363459	0	0	0	0	0	0.160	0	0.339	0.421
PPFIA4	SLC18A2	9606.ENSP00000272198	9606.ENSP00000298472	0	0	0	0	0	0	0.600	0	0.600
PPP1R2	PPP1R9B	9606.ENSP00000484580	9606.ENSP00000478767	0	0	0	0	0	0.294	0	0.340	0.514
PPP1R9B	PPP2CB	9606.ENSP00000478767	9606.ENSP00000221138	0	0	0	0	0	0.161	0.900	0.053	0.913
PPP1R9B	STK24	9606.ENSP00000478767	9606.ENSP00000365730	0	0	0	0	0	0	0	0.408	0.408
PPP2CB	PPP6R2	9606.ENSP00000221138	9606.ENSP00000478417	0	0	0	0	0.053	0.245	0	0.238	0.407
PPP2CB	PPTC7	9606.ENSP00000221138	9606.ENSP00000346255	0	0	0	0	0.054	0.152	0	0.326	0.412
PPP2CB	YWHAH	9606.ENSP00000221138	9606.ENSP00000248975	0	0	0	0	0.083	0.233	0	0.264	0.437
PPP2CB	PRKCA	9606.ENSP00000221138	9606.ENSP00000408695	0	0	0	0	0	0.113	0.600	0.118	0.659
PPP2CB	STK24	9606.ENSP00000221138	9606.ENSP00000365730	0	0	0	0	0.072	0.761	0	0.178	0.801
PPP2CB	YES1	9606.ENSP00000221138	9606.ENSP00000462468	0	0	0	0	0.062	0.117	0.900	0.055	0.911
PPP2CB	RBL2	9606.ENSP00000221138	9606.ENSP00000262133	0	0	0	0	0.056	0.163	0.900	0	0.914
PPP2CB	SRC	9606.ENSP00000221138	9606.ENSP00000362680	0	0	0	0	0.062	0.222	0.900	0.088	0.924
PRDX3	SDHD	9606.ENSP00000298510	9606.ENSP00000364699	0	0	0	0	0.482	0.077	0	0.108	0.536
PRKCA	VCL	9606.ENSP00000408695	9606.ENSP00000211998	0	0	0	0	0.064	0.213	0	0.537	0.629
PRKCA	YWHAH	9606.ENSP00000408695	9606.ENSP00000248975	0	0	0	0	0	0	0.900	0.050	0.901
PRKCA	RHEB	9606.ENSP00000408695	9606.ENSP00000262187	0	0	0	0	0.042	0	0	0.420	0.420
PRKCA	STAT3	9606.ENSP00000408695	9606.ENSP00000264657	0	0	0	0	0	0	0	0.425	0.424
PRKCA	STAT1	9606.ENSP00000408695	9606.ENSP00000354394	0	0	0	0	0	0	0	0.457	0.457
PRKCA	SRC	9606.ENSP00000408695	9606.ENSP00000362680	0	0	0	0.575	0	0.229	0.900	0.863	0.948
PRKCA	TNF	9606.ENSP00000408695	9606.ENSP00000398698	0	0	0	0	0	0	0	0.469	0.469
PRKCA	RPS6KA2	9606.ENSP00000408695	9606.ENSP00000427015	0	0	0	0.729	0	0.433	0	0.325	0.479
PROM2	SSH2	9606.ENSP00000318270	9606.ENSP00000444743	0	0	0	0	0	0	0	0.510	0.510
PRPF40A	WASL	9606.ENSP00000386458	9606.ENSP00000223023	0	0	0	0	0.063	0.440	0	0.664	0.808
PRPF40A	YBX3	9606.ENSP00000386458	9606.ENSP00000228251	0	0	0	0	0	0	0	0.428	0.428
PRPF40A	SRRM2	9606.ENSP00000386458	9606.ENSP00000301740	0	0	0	0	0.197	0.678	0	0.304	0.804
PRPF40A	RBM5	9606.ENSP00000386458	9606.ENSP00000343054	0	0	0	0	0.173	0	0	0.379	0.465
PSMA3	TPM3	9606.ENSP00000216455	9606.ENSP00000357516	0	0	0	0	0.108	0.333	0	0.091	0.412
PSMA3	TUBA1B	9606.ENSP00000216455	9606.ENSP00000336799	0	0	0	0	0.114	0.282	0	0.171	0.426
PSMA3	RPL18	9606.ENSP00000216455	9606.ENSP00000447001	0	0	0	0	0.442	0	0	0.048	0.446
PSMA3	STAT3	9606.ENSP00000216455	9606.ENSP00000264657	0	0	0	0	0.053	0	0	0.453	0.460
PSMA3	RPS14	9606.ENSP00000216455	9606.ENSP00000385958	0	0	0.263	0	0.359	0	0	0.155	0.566
PSMA3	RPL13	9606.ENSP00000216455	9606.ENSP00000307889	0	0	0	0	0.627	0.096	0	0	0.649
PSMA3	RPS9	9606.ENSP00000216455	9606.ENSP00000302896	0	0	0.221	0	0.620	0	0	0.102	0.711
PSMA3	RPL35A	9606.ENSP00000216455	9606.ENSP00000419117	0	0	0	0	0.732	0	0	0	0.732
PSMA3	RUNX3	9606.ENSP00000216455	9606.ENSP00000382800	0	0	0	0	0	0	0.900	0.049	0.900
PTCH1	STAT3	9606.ENSP00000332353	9606.ENSP00000264657	0	0	0	0	0	0.273	0	0.343	0.502
PTCH1	TSPAN8	9606.ENSP00000332353	9606.ENSP00000377003	0	0	0	0	0	0.296	0	0.228	0.434
PTCH1	SRC	9606.ENSP00000332353	9606.ENSP00000362680	0	0	0	0	0.062	0.058	0	0.485	0.506
PTPLAD2	SCD	9606.ENSP00000419503	9606.ENSP00000359380	0	0	0	0	0.233	0.056	0.800	0.148	0.860
PTPRE	SRC	9606.ENSP00000254667	9606.ENSP00000362680	0	0	0	0	0.063	0.264	0	0.291	0.469
PYROXD1	PYROXD2	9606.ENSP00000240651	9606.ENSP00000359607	0	0	0	0	0	0	0	0.736	0.736
RAB3IP	RHEB	9606.ENSP00000447300	9606.ENSP00000262187	0	0	0	0	0	0.153	0	0.719	0.752
RAB3IP	TRAPPC4	9606.ENSP00000447300	9606.ENSP00000436005	0	0	0	0	0	0.425	0	0.293	0.576
RAB3IP	RAB40C	9606.ENSP00000447300	9606.ENSP00000438492	0	0	0	0	0	0.364	0	0.142	0.430
RAB40C	SNAP23	9606.ENSP00000438492	9606.ENSP00000249647	0	0	0	0	0.062	0.343	0	0.155	0.434
RBBP9	SNX5	9606.ENSP00000336866	9606.ENSP00000366998	0	0	0	0	0.062	0	0	0.596	0.605
RBM5	UTP6	9606.ENSP00000343054	9606.ENSP00000261708	0	0	0	0	0.121	0.498	0	0.066	0.552
RBM5	SRSF7	9606.ENSP00000343054	9606.ENSP00000325905	0	0	0	0	0.095	0	0	0.427	0.459
RCBTB1	ZBBX	9606.ENSP00000367552	9606.ENSP00000390232	0	0	0	0	0	0	0	0.401	0.400
RDH11	SCD	9606.ENSP00000370750	9606.ENSP00000359380	0	0	0	0	0.079	0.176	0	0.501	0.588
RGS5	VWF	9606.ENSP00000433001	9606.ENSP00000261405	0	0	0	0	0.465	0	0	0.183	0.545
RHEB	SLC2A1	9606.ENSP00000262187	9606.ENSP00000416293	0	0	0	0	0.054	0.056	0	0.415	0.432
RHEB	TNF	9606.ENSP00000262187	9606.ENSP00000398698	0	0	0	0	0	0.273	0	0.253	0.433
RHEB	SRC	9606.ENSP00000262187	9606.ENSP00000362680	0	0	0	0	0.055	0.140	0	0.394	0.465
RHEB	RPS6KA2	9606.ENSP00000262187	9606.ENSP00000427015	0	0	0	0	0	0.084	0	0.584	0.603
RIOK3	RPS9	9606.ENSP00000341874	9606.ENSP00000302896	0	0	0	0	0.083	0	0.900	0	0.904
RIOK3	WBSCR22	9606.ENSP00000341874	9606.ENSP00000401191	0	0	0	0	0.065	0.058	0.900	0.079	0.908
RIOK3	RPS14	9606.ENSP00000341874	9606.ENSP00000385958	0	0	0	0	0	0.078	0.900	0.213	0.921
RNF31	UBE2S	9606.ENSP00000315112	9606.ENSP00000264552	0	0	0	0	0	0.077	0	0.396	0.418
RNF31	TNF	9606.ENSP00000315112	9606.ENSP00000398698	0	0	0	0	0	0.905	0.600	0.637	0.985
RORB	TEF	9606.ENSP00000366093	9606.ENSP00000266304	0	0	0	0	0.049	0.070	0	0.418	0.440
RORB	SCNN1A	9606.ENSP00000366093	9606.ENSP00000353292	0	0	0	0	0.062	0	0	0.496	0.507
RPF1	UTP6	9606.ENSP00000359688	9606.ENSP00000261708	0	0	0	0	0.855	0.540	0	0	0.930
RPF1	RPS9	9606.ENSP00000359688	9606.ENSP00000302896	0	0	0	0	0.348	0.369	0	0.178	0.632
RPF1	RPL13	9606.ENSP00000359688	9606.ENSP00000307889	0	0	0	0	0.087	0.389	0	0	0.418
RPF1	TFB2M	9606.ENSP00000359688	9606.ENSP00000355471	0	0	0	0	0.843	0.254	0	0	0.878
RPF1	RPL18	9606.ENSP00000359688	9606.ENSP00000447001	0	0	0	0	0.080	0.389	0	0	0.413
RPF1	RPL35A	9606.ENSP00000359688	9606.ENSP00000419117	0	0	0	0	0.104	0.389	0	0.249	0.552
RPF1	WBSCR22	9606.ENSP00000359688	9606.ENSP00000401191	0	0	0	0	0.820	0	0	0	0.820
RPL13	RPS9	9606.ENSP00000307889	9606.ENSP00000302896	0	0	0	0	0.991	0.995	0	0.334	0.999
RPL13	RPL35A	9606.ENSP00000307889	9606.ENSP00000419117	0	0	0	0	0.995	0.995	0	0.250	0.999
RPL13	RPL18	9606.ENSP00000307889	9606.ENSP00000447001	0	0	0	0	0.993	0.996	0	0.617	0.999
RPL13	RPS14	9606.ENSP00000307889	9606.ENSP00000385958	0	0	0	0	0.995	0.995	0	0.487	0.999
RPL18	TIMM13	9606.ENSP00000447001	9606.ENSP00000215570	0	0	0	0	0.490	0	0	0	0.490
RPL18	RPS9	9606.ENSP00000447001	9606.ENSP00000302896	0.219	0	0	0	0.989	0.997	0	0.702	0.999
RPL18	TFRC	9606.ENSP00000447001	9606.ENSP00000353224	0	0	0	0	0	0	0	0.549	0.549
RPL18	RPS14	9606.ENSP00000447001	9606.ENSP00000385958	0.219	0	0	0	0.982	0.997	0	0.616	0.999
RPL18	RPL35A	9606.ENSP00000447001	9606.ENSP00000419117	0	0	0	0	0.990	0.995	0	0.716	0.999
RPL35A	RPS9	9606.ENSP00000419117	9606.ENSP00000302896	0	0	0	0	0.989	0.995	0	0.362	0.999
RPL35A	TUBA1B	9606.ENSP00000419117	9606.ENSP00000336799	0	0	0	0	0.260	0.061	0	0.291	0.464
RPL35A	RPS14	9606.ENSP00000419117	9606.ENSP00000385958	0	0	0	0	0.995	0.995	0	0.820	0.999
RPS14	UTP6	9606.ENSP00000385958	9606.ENSP00000261708	0	0	0	0	0.117	0.789	0.600	0.182	0.930
RPS14	RPS9	9606.ENSP00000385958	9606.ENSP00000302896	0.167	0	0.208	0	0.977	0.997	0.900	0.829	0.999
RPS14	TFB2M	9606.ENSP00000385958	9606.ENSP00000355471	0	0	0	0	0.076	0.359	0	0.138	0.445
RPS14	WBSCR22	9606.ENSP00000385958	9606.ENSP00000401191	0	0	0	0	0.110	0	0.900	0.184	0.921
RPS9	UTP6	9606.ENSP00000302896	9606.ENSP00000261708	0	0	0	0	0.237	0.789	0.600	0.063	0.931
RPS9	TFRC	9606.ENSP00000302896	9606.ENSP00000353224	0	0	0	0	0	0	0	0.439	0.439
RPS9	TFB2M	9606.ENSP00000302896	9606.ENSP00000355471	0	0	0	0	0.234	0.351	0	0.193	0.563
RPS9	WBSCR22	9606.ENSP00000302896	9606.ENSP00000401191	0	0	0	0	0.087	0	0.900	0	0.904
RUNX3	STAT3	9606.ENSP00000382800	9606.ENSP00000264657	0	0	0	0	0	0	0	0.457	0.457
RUNX3	STAT1	9606.ENSP00000382800	9606.ENSP00000354394	0	0	0	0	0	0	0	0.519	0.519
RUNX3	SRC	9606.ENSP00000382800	9606.ENSP00000362680	0	0	0	0	0	0	0.800	0.211	0.835
RUNX3	TLE1	9606.ENSP00000382800	9606.ENSP00000365682	0	0	0	0	0	0.504	0	0.177	0.575
RUNX3	TWIST2	9606.ENSP00000382800	9606.ENSP00000482581	0	0	0	0	0	0.124	0	0.555	0.593
SAA4	SERPINA1	9606.ENSP00000278222	9606.ENSP00000416066	0	0	0	0	0.132	0	0	0.396	0.453
SC5D	SCD	9606.ENSP00000264027	9606.ENSP00000359380	0	0	0	0	0.097	0.104	0	0.558	0.611
SCD	SLC2A1	9606.ENSP00000359380	9606.ENSP00000416293	0	0	0	0	0.112	0.102	0	0.329	0.419
SCD	TNF	9606.ENSP00000359380	9606.ENSP00000398698	0	0	0	0	0	0	0	0.437	0.437
SCPEP1	STK24	9606.ENSP00000262288	9606.ENSP00000365730	0	0	0	0	0	0.484	0	0	0.484
SDHD	TIMM13	9606.ENSP00000364699	9606.ENSP00000215570	0	0	0	0	0.045	0	0	0.433	0.435
SDHD	UQCRB	9606.ENSP00000364699	9606.ENSP00000430494	0	0	0	0	0.337	0	0	0.521	0.669
SELE	VCL	9606.ENSP00000331736	9606.ENSP00000211998	0	0	0	0	0	0.270	0	0.339	0.497
SELE	VWF	9606.ENSP00000331736	9606.ENSP00000261405	0	0	0	0	0.190	0	0	0.770	0.806
SELE	STAT3	9606.ENSP00000331736	9606.ENSP00000264657	0	0	0	0	0.055	0	0	0.399	0.408
SELE	SRC	9606.ENSP00000331736	9606.ENSP00000362680	0	0	0	0	0.062	0.058	0	0.503	0.523
SELE	TNF	9606.ENSP00000331736	9606.ENSP00000398698	0	0	0	0	0.060	0	0	0.835	0.838
SEPT2	SRSF7	9606.ENSP00000479861	9606.ENSP00000325905	0	0	0	0	0.067	0.460	0	0.073	0.492
SERPINA1	VWF	9606.ENSP00000416066	9606.ENSP00000261405	0	0	0	0	0	0	0	0.460	0.459
SERPINA1	TGFA	9606.ENSP00000416066	9606.ENSP00000295400	0	0	0	0	0.088	0	0.600	0.146	0.661
SERPINA1	TFRC	9606.ENSP00000416066	9606.ENSP00000353224	0	0	0	0	0	0	0	0.645	0.645
SERPINA1	TNF	9606.ENSP00000416066	9606.ENSP00000398698	0	0	0	0	0.076	0	0	0.644	0.657
SERPINA1	TRAPPC4	9606.ENSP00000416066	9606.ENSP00000436005	0	0	0	0	0	0	0.600	0	0.600
SKIL	SMAD6	9606.ENSP00000415243	9606.ENSP00000288840	0	0	0	0	0.063	0.213	0	0.658	0.726
SLAMF9	SRSF7	9606.ENSP00000357072	9606.ENSP00000325905	0	0	0	0	0	0	0	0.604	0.604
SLC1A2	SLC2A1	9606.ENSP00000278379	9606.ENSP00000416293	0	0	0	0	0.062	0	0	0.430	0.442
SLC1A2	VDAC3	9606.ENSP00000278379	9606.ENSP00000428845	0	0	0	0	0	0	0	0.450	0.450
SLC1A2	TNF	9606.ENSP00000278379	9606.ENSP00000398698	0	0	0	0	0	0	0	0.489	0.489
SLC1A2	SLC38A1	9606.ENSP00000278379	9606.ENSP00000449756	0	0	0	0	0.064	0.066	0	0.513	0.537
SLC2A1	STAT3	9606.ENSP00000416293	9606.ENSP00000264657	0	0	0	0	0	0	0	0.457	0.457
SLC2A1	TFRC	9606.ENSP00000416293	9606.ENSP00000353224	0	0	0	0	0.087	0	0	0.503	0.527
SLC2A1	SRC	9606.ENSP00000416293	9606.ENSP00000362680	0	0	0	0	0	0.105	0	0.406	0.446
SLC2A1	TNF	9606.ENSP00000416293	9606.ENSP00000398698	0	0	0	0	0	0	0	0.590	0.591
SLC2A1	SLC38A1	9606.ENSP00000416293	9606.ENSP00000449756	0	0	0	0	0.085	0	0	0.481	0.505
SLC30A1	SLC39A8	9606.ENSP00000355968	9606.ENSP00000378310	0.051	0	0	0	0	0.147	0	0.754	0.783
SLC35A2	SLCO1B3	9606.ENSP00000416002	9606.ENSP00000261196	0	0	0	0	0	0	0	0.559	0.559
SLC39A8	TFRC	9606.ENSP00000378310	9606.ENSP00000353224	0	0	0	0	0.087	0	0	0.548	0.570
SMAD6	TBX3	9606.ENSP00000288840	9606.ENSP00000257566	0	0	0	0	0.158	0.076	0	0.368	0.465
SMAD6	TOB2	9606.ENSP00000288840	9606.ENSP00000331305	0	0	0	0	0	0.160	0	0.718	0.753
SMG1	ZBED6	9606.ENSP00000402515	9606.ENSP00000447879	0	0	0	0	0.524	0	0	0	0.524
SNAP23	UNC13D	9606.ENSP00000249647	9606.ENSP00000207549	0	0	0	0	0	0	0	0.559	0.559
SNAP23	SYNGR2	9606.ENSP00000249647	9606.ENSP00000225777	0	0	0	0	0.064	0	0	0.710	0.717
SNAP23	YES1	9606.ENSP00000249647	9606.ENSP00000462468	0	0	0	0	0	0.619	0	0	0.619
SNAP23	VAMP1	9606.ENSP00000249647	9606.ENSP00000379602	0	0	0	0	0.062	0.464	0.600	0.763	0.946
SNX18	WASL	9606.ENSP00000317332	9606.ENSP00000223023	0	0	0	0	0.062	0.258	0	0.737	0.801
SNX18	SNX5	9606.ENSP00000317332	9606.ENSP00000366998	0	0	0	0	0.063	0	0	0.653	0.661
SNX5	TFRC	9606.ENSP00000366998	9606.ENSP00000353224	0	0	0	0	0.077	0	0.900	0.248	0.924
SOX4	STAT3	9606.ENSP00000244745	9606.ENSP00000264657	0	0	0	0	0	0.063	0	0.392	0.405
SPTBN1	SRC	9606.ENSP00000349259	9606.ENSP00000362680	0	0	0	0	0.062	0.102	0.900	0.124	0.916
SRC	VCL	9606.ENSP00000362680	9606.ENSP00000211998	0	0	0	0	0.062	0.213	0.900	0.916	0.993
SRC	WASL	9606.ENSP00000362680	9606.ENSP00000223023	0	0	0	0	0	0.317	0.600	0.875	0.963
SRC	VWF	9606.ENSP00000362680	9606.ENSP00000261405	0	0	0	0	0	0.057	0.500	0.557	0.773
SRC	STAT3	9606.ENSP00000362680	9606.ENSP00000264657	0	0	0	0	0.061	0.883	0.900	0.986	0.999
SRC	TGFA	9606.ENSP00000362680	9606.ENSP00000295400	0	0	0	0	0	0	0.500	0.321	0.645
SRC	STAT2	9606.ENSP00000362680	9606.ENSP00000315768	0	0	0	0	0	0.140	0	0.509	0.560
SRC	TFRC	9606.ENSP00000362680	9606.ENSP00000353224	0	0	0	0	0.062	0.059	0	0.792	0.801
SRC	STAT1	9606.ENSP00000362680	9606.ENSP00000354394	0	0	0	0	0	0.708	0.600	0.845	0.980
SRC	VAV3	9606.ENSP00000362680	9606.ENSP00000359073	0	0	0	0.560	0	0.056	0.600	0.520	0.692
SRC	TSPAN8	9606.ENSP00000362680	9606.ENSP00000377003	0	0	0	0	0.064	0.060	0	0.405	0.431
SRC	TNF	9606.ENSP00000362680	9606.ENSP00000398698	0	0	0	0	0	0.056	0	0.690	0.696
SRC	YES1	9606.ENSP00000362680	9606.ENSP00000462468	0	0	0	0.976	0	0.800	0.900	0.684	0.979
SRRM2	SYF2	9606.ENSP00000301740	9606.ENSP00000236273	0	0	0	0	0.080	0.931	0.900	0.647	0.997
SRRM2	SRSF7	9606.ENSP00000301740	9606.ENSP00000325905	0	0	0	0	0.083	0	0	0.396	0.422
STAT1	STAT3	9606.ENSP00000354394	9606.ENSP00000264657	0	0	0	0.948	0.062	0.882	0.900	0.989	0.988
STAT1	STAT2	9606.ENSP00000354394	9606.ENSP00000315768	0	0	0	0.889	0.543	0.881	0.900	0.992	0.994
STAT1	YES1	9606.ENSP00000354394	9606.ENSP00000462468	0	0	0	0	0	0.140	0.600	0.237	0.714
STAT1	TNF	9606.ENSP00000354394	9606.ENSP00000398698	0	0	0	0	0.062	0	0.900	0.802	0.979
STAT2	STAT3	9606.ENSP00000315768	9606.ENSP00000264657	0	0	0	0.867	0.063	0.345	0.900	0.847	0.940
STAT2	TNF	9606.ENSP00000315768	9606.ENSP00000398698	0	0	0	0	0	0	0	0.557	0.557
STAT3	TBX3	9606.ENSP00000264657	9606.ENSP00000257566	0	0	0	0	0	0.112	0	0.396	0.440
STAT3	VWF	9606.ENSP00000264657	9606.ENSP00000261405	0	0	0	0	0	0	0	0.454	0.454
STAT3	TFRC	9606.ENSP00000264657	9606.ENSP00000353224	0	0	0	0	0	0	0	0.459	0.459
STAT3	YES1	9606.ENSP00000264657	9606.ENSP00000462468	0	0	0	0	0.061	0.140	0.900	0.309	0.936
STAT3	TNF	9606.ENSP00000264657	9606.ENSP00000398698	0	0	0	0	0	0	0.650	0.839	0.941
STK24	UNC13D	9606.ENSP00000365730	9606.ENSP00000207549	0	0	0	0	0	0	0	0.559	0.559
STK24	YWHAH	9606.ENSP00000365730	9606.ENSP00000248975	0	0	0	0	0.092	0.344	0	0.120	0.430
SYTL5	UNC13D	9606.ENSP00000395220	9606.ENSP00000207549	0	0	0	0	0.062	0	0	0.606	0.614
TACO1	TFB2M	9606.ENSP00000258975	9606.ENSP00000355471	0	0	0	0	0.062	0	0	0.502	0.513
TAF10	TCEA1	9606.ENSP00000299424	9606.ENSP00000428426	0	0	0	0	0.064	0	0.900	0.166	0.915
TANC1	WDR72	9606.ENSP00000263635	9606.ENSP00000379619	0	0	0	0	0.049	0	0	0.401	0.406
TFB2M	UTP6	9606.ENSP00000355471	9606.ENSP00000261708	0	0	0	0	0.680	0.435	0	0	0.812
TFRC	TNF	9606.ENSP00000353224	9606.ENSP00000398698	0	0	0	0	0	0	0	0.722	0.722
TGFA	TNF	9606.ENSP00000295400	9606.ENSP00000398698	0	0	0	0	0	0	0	0.460	0.459
TGFA	TRAPPC4	9606.ENSP00000295400	9606.ENSP00000436005	0	0	0	0	0	0	0.600	0	0.600
TIE1	VWF	9606.ENSP00000361554	9606.ENSP00000261405	0	0	0	0	0.279	0	0	0.547	0.659
TNF	VWF	9606.ENSP00000398698	9606.ENSP00000261405	0	0	0	0	0	0.077	0	0.656	0.669
TNF	XCL1	9606.ENSP00000398698	9606.ENSP00000356792	0	0	0	0	0.076	0	0	0.469	0.488
TPM3	VCL	9606.ENSP00000357516	9606.ENSP00000211998	0	0	0	0	0.127	0.230	0.600	0.378	0.810
TRIM29	TRIM44	9606.ENSP00000343129	9606.ENSP00000299413	0	0	0	0	0	0	0	0.519	0.519
TUBA1B	YWHAH	9606.ENSP00000336799	9606.ENSP00000248975	0	0	0	0	0.147	0.247	0	0.221	0.456
TUBA1B	TUBGCP2	9606.ENSP00000336799	9606.ENSP00000446093	0	0	0	0	0.062	0.432	0	0.477	0.697
UBE2S	ZNRF2	9606.ENSP00000264552	9606.ENSP00000323879	0	0	0	0	0.062	0.057	0	0.607	0.622
UQCRB	VDAC3	9606.ENSP00000430494	9606.ENSP00000428845	0	0	0	0	0.160	0.726	0	0	0.760
UTP6	WBSCR22	9606.ENSP00000261708	9606.ENSP00000401191	0	0	0	0	0.671	0	0	0.073	0.682
VAV3	YES1	9606.ENSP00000359073	9606.ENSP00000462468	0	0	0	0.559	0	0.056	0.600	0.177	0.630
VCL	VWF	9606.ENSP00000211998	9606.ENSP00000261405	0	0	0	0	0.052	0	0.500	0.353	0.666
VCL	YES1	9606.ENSP00000211998	9606.ENSP00000462468	0	0	0	0	0.101	0	0.900	0.381	0.939
VCL	WASL	9606.ENSP00000211998	9606.ENSP00000223023	0	0	0	0	0	0	0.800	0.710	0.939
VWF	WISP1	9606.ENSP00000261405	9606.ENSP00000250160	0	0	0	0	0.062	0	0	0.418	0.430
WASL	YES1	9606.ENSP00000223023	9606.ENSP00000462468	0	0	0	0	0.065	0.104	0	0.353	0.411
YWHAH	ZFP36L2	9606.ENSP00000248975	9606.ENSP00000282388	0	0	0	0	0	0.476	0	0	0.476
ZC3H4	ZC3HAV1L	9606.ENSP00000253048	9606.ENSP00000275766	0	0	0	0	0	0	0	0.555	0.555
ZC3H4	ZMYND8	9606.ENSP00000253048	9606.ENSP00000420095	0	0	0	0	0.091	0	0	0.623	0.643
