"","logFC","AveExpr","t","P.Value","adj.P.Val","B","change"
"1032",-2.33772512107036,8.36627673699569,-10.8975245212775,6.49753051543323e-19,8.11332638765732e-15,32.1615979954748,"DOWN"
"18898",-5.03278225195851,5.76908125579016,-10.8621426344124,7.79228427550645e-19,8.11332638765732e-15,31.9884343318747,"DOWN"
"7203",3.2045957444625,11.1873300529243,9.88666230529033,1.18169459517499e-16,8.20253608330796e-13,27.1958599517106,"UP"
"20328",-2.30136582996243,8.2590401009188,-9.48236527743564,9.47637646851022e-16,3.94672127160514e-12,25.2054398925663,"DOWN"
"13286",-5.3378083461587,3.33002610776098,-9.07564805141769,7.65799213070897e-15,1.99337535162354e-11,23.2060910595073,"DOWN"
"11292",-2.2179600330665,9.63955993362406,-8.85818196649181,2.33274186577723e-14,5.39744629032724e-11,22.1397649518163,"DOWN"
"6457",-3.22110821673313,7.76145736543065,-8.7257334832858,4.59022599515121e-14,9.55868661230288e-11,21.4916349410916,"DOWN"
"19716",-3.84039756557702,6.29282694508815,-8.62622279064393,7.62631640009188e-14,1.44373102468648e-10,21.005466122143,"DOWN"
"373",-2.7313251025465,8.22170634224298,-8.58030646403122,9.63672313808351e-14,1.67229268856209e-10,20.7813867340695,"DOWN"
"11187",3.47246084683655,11.434253801062,8.34945834995979,3.11552519688548e-13,4.63412119285308e-10,19.6575000550914,"UP"
"2679",2.46327571640138,9.44101239538953,8.16827920845797,7.79495523663687e-13,9.53605606274305e-10,18.7790233476084,"UP"
"1843",-2.17326314134815,8.27862466148261,-8.1189227213941,1.00006525925482e-12,1.05556178293615e-09,18.5403299894285,"DOWN"
"18802",2.99175231659436,8.8487119855562,8.11622040351158,1.01379349110271e-12,1.05556178293615e-09,18.5272694056903,"UP"
"12682",-2.4852704969607,9.73694189945027,-7.93433071588291,2.53258520043846e-12,2.51135972447288e-09,17.6502283188696,"DOWN"
"585",-2.36197155310937,7.62779247554008,-7.90241294937122,2.97261614797971e-12,2.81371630297862e-09,17.4967646074789,"DOWN"
"5926",-4.8369064847668,8.39743016629442,-7.82867766812917,4.30158181163713e-12,3.89461476719703e-09,17.1427717579744,"DOWN"
"13029",-3.00856220150943,9.39630456184286,-7.72063874118945,7.38160838221854e-12,5.91210049812765e-09,16.6255002955767,"DOWN"
"8096",2.36516590525797,9.6961302365567,7.70602597513254,7.93983620959828e-12,6.12367219365462e-09,16.5556708584715,"UP"
"4689",-2.96347025139286,9.12041128077803,-7.66334808599826,9.82188614891817e-12,7.05279162638179e-09,16.3519167243221,"DOWN"
"4378",3.19761663551194,9.07117700120357,7.63337678910512,1.14024090860436e-11,7.45597732574311e-09,16.2089980757303,"UP"
"419",-2.04481160697212,9.2100392126689,-7.63240790678728,1.14575141386755e-11,7.45597732574311e-09,16.2043803363339,"DOWN"
"11505",2.03379988536983,10.1894294478951,7.52912648768046,1.91378762474955e-11,1.16703464315297e-08,15.7130185459396,"UP"
"6997",-5.00479658181881,5.90285293290718,-7.52416006173582,1.96149695113109e-11,1.16703464315297e-08,15.6894357515742,"DOWN"
"2898",3.34465630165261,9.81919320746126,7.51620968133242,2.04034127604403e-11,1.18022407589836e-08,15.6516926051067,"UP"
"17939",-3.80301192402496,7.11733775857051,-7.44776113781574,2.86322146541492e-11,1.56904536304738e-08,15.3271986258189,"DOWN"
"5925",-3.94060061443555,9.81822487047723,-7.44035764492138,2.96995101523392e-11,1.58580153695465e-08,15.292150458746,"DOWN"
"12145",2.53182809136352,9.69241422562852,7.41876441053835,3.30432240896054e-11,1.72023024610486e-08,15.1899842645351,"UP"
"12452",-2.16897531418793,7.86156297775738,-7.37636534032767,4.07333867429404e-11,2.06885864764632e-08,14.9896244119171,"DOWN"
"8348",2.41016723970896,9.33749055314813,7.36723998316989,4.26077489178357e-11,2.11253277015479e-08,14.9465452623738,"UP"
"5957",2.89858306481507,8.43928914373498,7.34141043927012,4.83898746888533e-11,2.32701514263365e-08,14.8246931591158,"UP"
"14729",2.05039354286373,10.6751060963843,7.33445398932108,5.00759689580771e-11,2.32701514263365e-08,14.7918972736453,"UP"
"20617",-3.16608175813642,7.29020223356749,-7.28405804659622,6.41606907156027e-11,2.7835046322119e-08,14.5545842544943,"DOWN"
"8338",2.75554004103832,9.39196218807531,7.23236350976423,8.26907865442616e-11,3.38396927517001e-08,14.3116708158365,"UP"
"14732",2.2367714765825,6.92336855805054,7.201497188006,9.61918505021157e-11,3.77943225444539e-08,14.1668837686647,"UP"
"7537",2.1672280924887,10.9235500509386,7.12926344842153,1.36934619761546e-10,5.2806046702119e-08,13.8288143745105,"UP"
"5076",-2.73316427119327,7.21077989559334,-7.1182518532671,1.44494937504678e-10,5.3731474617811e-08,13.7773734824377,"DOWN"
"7563",2.32835121630077,10.6253151227033,7.06546691962288,1.86885322301964e-10,6.59610161290864e-08,13.531147312208,"UP"
"342",-3.90248691905302,6.21153411464187,-7.05784240083152,1.93950682434123e-10,6.73138168501363e-08,13.4956309602604,"DOWN"
"4048",2.08802921390036,7.23735212607548,6.98041021894773,2.82517511235198e-10,9.19241352181526e-08,13.1356662069793,"UP"
"115",2.04811122861317,11.340919523303,6.96734533643296,3.00988555690376e-10,9.64274720568676e-08,13.0750632794675,"UP"
"20387",-4.30053676266049,4.71904328382924,-6.90851521899942,4.00120097983923e-10,1.22530895888488e-07,12.8026594939252,"DOWN"
"11399",-2.60613892169772,7.63423296187713,-6.86140514682277,5.02280487509801e-10,1.4942126959863e-07,12.5851082422807,"DOWN"
"2517",-2.58990916690353,9.46997316251119,-6.85531280749026,5.17250429236561e-10,1.51707365329889e-07,12.5570128507193,"DOWN"
"20182",-3.8618577089059,5.89906092010313,-6.79280818635585,6.98766524865952e-10,1.96313745329479e-07,12.269287184056,"DOWN"
"14919",2.14415359511891,8.39327544956253,6.79132945866108,7.03748599835594e-10,1.96313745329479e-07,12.26249180342,"UP"
"16717",2.37905810796974,9.8633314580003,6.79035637290536,7.070462399016e-10,1.96313745329479e-07,12.2580203573106,"UP"
"17029",-3.98880574737685,4.99473684194287,-6.76652207822936,7.92765334144311e-10,2.1439669244443e-07,12.1485724183003,"DOWN"
"10757",2.23104451416736,9.55154370172474,6.76021981730946,8.17100079624961e-10,2.18144769975772e-07,12.1196559336279,"UP"
"11351",-2.33538327586721,8.4785860387789,-6.72431548240095,9.70506961742075e-10,2.52622962141462e-07,11.9551082619387,"DOWN"
"5869",-2.19563720587712,6.98338096720789,-6.70839860759451,1.04731986645751e-09,2.69251714803841e-07,11.8822670195529,"DOWN"
"17360",-2.98785111616282,4.42095825738696,-6.69848194473731,1.0981846865108e-09,2.78885340389034e-07,11.836917762963,"DOWN"
"15669",3.57450785929941,11.2699160888267,6.64729402197533,1.40221132543804e-09,3.47614864772877e-07,11.6032397554718,"UP"
"13521",-2.01746889485825,8.56008625651951,-6.64143453518531,1.44193027111869e-09,3.53255952538536e-07,11.5765344471346,"DOWN"
"14435",2.09327979140854,9.44880091181516,6.62426658661218,1.56481943102429e-09,3.78904649205231e-07,11.498341884404,"UP"
"10233",-2.89310075291575,6.7822468321355,-6.59780570357551,1.77478110086755e-09,4.2480507637317e-07,11.3779781660334,"DOWN"
"1978",-2.09807575848051,7.95043486977182,-6.57891158947675,1.94150856444541e-09,4.59431526659219e-07,11.2921491651859,"DOWN"
"14349",-2.53442871227322,7.96885565537699,-6.53285755599199,2.41553052144543e-09,5.58900084206439e-07,11.0833508802229,"DOWN"
"136",3.06190415405062,9.59996670488799,6.52727256959007,2.48028042039443e-09,5.61406081242322e-07,11.0580696053795,"UP"
"5224",2.29771605089372,7.47145354510221,6.52101710620378,2.55484049995603e-09,5.72064500764348e-07,11.0297636097935,"UP"
"11498",2.70451732023591,7.01034548885586,6.51798286164837,2.59179935340251e-09,5.74166273779297e-07,11.0160375671193,"UP"
"13949",-2.04028847396006,9.25917600466341,-6.50938916998411,2.69936555300443e-09,5.9170092921857e-07,10.9771761486328,"DOWN"
"12726",-2.04177952986727,7.76302883186833,-6.50550912962961,2.74936508320338e-09,5.92571839997293e-07,10.9596370416256,"DOWN"
"8316",-3.48021891298283,6.21128260948299,-6.49996149989172,2.82244628972502e-09,5.97344052592794e-07,10.9345671975294,"DOWN"
"20488",-2.9210072643441,5.90296535353189,-6.49866120855294,2.83985119125464e-09,5.97344052592794e-07,10.928692407149,"DOWN"
"8272",2.29782612066277,10.3102099123627,6.48979887570967,2.96133297438149e-09,6.06857016895514e-07,10.8886645621078,"UP"
"16294",2.23672118998998,8.25548039179126,6.48672014133143,3.00472493997876e-09,6.07479535438035e-07,10.8747642549653,"UP"
"11321",-3.35050536493723,8.60232584570612,-6.48327313781901,3.05405263497522e-09,6.11515308372347e-07,10.8592044135563,"DOWN"
"13501",-3.26474572272979,6.00845941220537,-6.46197629745241,3.37704328364469e-09,6.6342971074167e-07,10.7631448323163,"DOWN"
"5531",2.63734078794097,9.31165531674173,6.45037357624507,3.56697255546167e-09,6.94192864438635e-07,10.7108650963676,"UP"
"12101",3.01995437916228,8.2233569493957,6.42086937221018,4.09875244311335e-09,7.83049732801766e-07,10.5780990128669,"UP"
"7969",2.46782555120454,10.3344101343204,6.40673422445955,4.38053757734646e-09,8.2927558646057e-07,10.5145816084972,"UP"
"8333",2.29483449496177,9.29315081805636,6.38686438720316,4.80923397889047e-09,8.94174003360849e-07,10.4253937031638,"UP"
"3206",-3.29753930423167,5.90415301524758,-6.36907232326051,5.22807874880054e-09,9.54995718114232e-07,10.3456307608689,"DOWN"
"5870",-3.57086030118231,7.39282773228883,-6.36374460853798,5.36036056650617e-09,9.70644769016735e-07,10.3217645208207,"DOWN"
"2715",2.67421823828662,7.98116944444523,6.35790114494657,5.50924716819449e-09,9.89004853711053e-07,10.2955976163668,"UP"
"8337",2.22599096559267,8.520388546767,6.3426396539919,5.9176141338733e-09,1.04137167360349e-06,10.227305041482,"UP"
"17202",2.51873114068347,8.63806857648566,6.32018019601875,6.57344933103161e-09,1.13128519726779e-06,10.1269299242038,"UP"
"3822",-2.32261868317467,9.35025331365293,-6.31134522395627,6.85064918305593e-09,1.16932720154063e-06,10.0874866893632,"DOWN"
"13257",2.68925886341814,8.95305244991373,6.28878292623923,7.61195041727374e-09,1.27831657652668e-06,9.98686632114631,"UP"
"15490",-2.87490909009597,6.16174364658968,-6.25505305647876,8.9081537158406e-09,1.42820770865891e-06,9.83673355843058,"DOWN"
"3870",-2.79596287814954,8.22076239756606,-6.25384818230752,8.95827515964878e-09,1.42820770865891e-06,9.83137712995243,"DOWN"
"13088",-2.5798599637994,9.00728609765234,-6.25323665123618,8.98382045030958e-09,1.42820770865891e-06,9.82865865968741,"DOWN"
"15971",2.03479541558937,9.42074279539013,6.25321813193039,8.98459517068369e-09,1.42820770865891e-06,9.82857633668515,"UP"
"9876",-3.25919258716979,5.61044282738105,-6.2501328880703,9.11458436773396e-09,1.43789473389161e-06,9.81486313486728,"DOWN"
"8422",-2.7337225259954,7.91462361487282,-6.21875520219242,1.05465533816134e-08,1.60307611400523e-06,9.67556532370003,"DOWN"
"18800",-3.51271755320998,6.08996171336098,-6.20987429420827,1.09906522516804e-08,1.65847349629705e-06,9.63619563241445,"DOWN"
"12843",-5.14327527558186,5.40051626989549,-6.1628484777843,1.36677642034422e-08,2.03298229837486e-06,9.42814431558418,"DOWN"
"7200",2.13335951428049,7.802930693488,6.15653521197541,1.40729333208434e-08,2.06070342549014e-06,9.40026710408298,"UP"
"19423",2.0633407525012,9.78109905741216,6.15533927315844,1.41510079641323e-08,2.06070342549014e-06,9.39498769689552,"UP"
"17203",2.53939181353733,6.98465312419746,6.14561928336608,1.48015907945082e-08,2.1257125979644e-06,9.35209646751848,"UP"
"3211",-2.33261547313019,8.25914303411105,-6.13378294401582,1.56337145291296e-08,2.22983884489448e-06,9.29990779524208,"DOWN"
"19642",-2.62080652836775,6.23501051113329,-6.12306048029492,1.64272114826365e-08,2.31135305347583e-06,9.25266976137498,"DOWN"
"19336",-2.29250357982388,5.90617299563113,-6.11678839414775,1.69096186983724e-08,2.34750599849938e-06,9.22505536060178,"DOWN"
"20368",-2.69091482854612,6.40175073272039,-6.11445678989296,1.70924853526803e-08,2.35717824492857e-06,9.21479318317169,"DOWN"
"19388",-3.12985633385976,9.99820123622047,-6.10328048456916,1.79964387833347e-08,2.44939765505988e-06,9.16562726200497,"DOWN"
"7535",-3.05792943411712,9.34719185259272,-6.08466191672703,1.96079759615029e-08,2.63429994466023e-06,9.08381332024442,"DOWN"
"12593",-2.85489772930277,7.42867454956037,-6.04945324257103,2.30533233570423e-08,3.0180267265313e-06,8.92941372897808,"DOWN"
"4750",2.19633705022218,8.77729992619069,6.00391299332174,2.84053900978214e-08,3.56083735031524e-06,8.73032584494989,"UP"
"341",-3.10172009168514,4.09601352729813,-5.99787310826501,2.92013713916149e-08,3.60121385830182e-06,8.7039742989285,"DOWN"
"6434",-2.25181321233564,6.52706426119878,-5.99353941643652,2.97859817100804e-08,3.61244081821588e-06,8.68507443618111,"DOWN"
"2859",2.19044184520391,7.31883328272673,5.99316022575296,2.98376786752369e-08,3.61244081821588e-06,8.68342103657489,"UP"
"681",-4.58368988768742,4.92600533333942,-5.98349668156616,3.11853643988059e-08,3.75378051006205e-06,8.64130138064475,"DOWN"
"1180",2.76315430580957,8.25227408331109,5.98069089502008,3.15877592742036e-08,3.77190199771092e-06,8.62907805811937,"UP"
"1859",-4.04868187067565,6.89561002555569,-5.97901916208316,3.18299367209952e-08,3.77190199771092e-06,8.62179649473555,"DOWN"
"12730",2.63030312251751,9.24936048027878,5.97522104900622,3.23869650194944e-08,3.79280240852033e-06,8.60525664501473,"UP"
"17352",-2.19384471744514,7.5171562893423,-5.95854685968497,3.49480158848915e-08,4.02075957340873e-06,8.53270367559513,"DOWN"
"10873",-2.55831548071212,6.8279124532862,-5.94711041205548,3.68187191624352e-08,4.16978707746504e-06,8.48299705320214,"DOWN"
"11242",-2.87046894064511,4.77881931384857,-5.94417782267807,3.73140682281433e-08,4.19037236505041e-06,8.4702583830916,"DOWN"
"8674",2.61958722485233,8.41697909379512,5.94305786871068,3.75049664024742e-08,4.19037236505041e-06,8.46539428570576,"UP"
"2709",2.27775615055442,7.75403916336183,5.90885386762033,4.3821005839763e-08,4.80278224003802e-06,8.31705404241569,"UP"
"11707",2.26307450607799,6.33150002868297,5.89824628786306,4.59842831284756e-08,5.00127476354258e-06,8.27113358930364,"UP"
"1075",-2.4366433266206,9.7806527765787,-5.88918321834957,4.7915500336987e-08,5.09077744396642e-06,8.23193100580892,"DOWN"
"9741",2.91821808954102,7.77270165645611,5.88627754712561,4.85513759437363e-08,5.12146388752871e-06,8.21936862719609,"UP"
"19159",2.1387359120818,9.24534346522402,5.84015765490493,5.98284234302786e-08,6.11657747439979e-06,8.02037920522002,"UP"
"6074",-2.14891665090656,5.12049043128159,-5.83519894872053,6.1184404372441e-08,6.18497105170734e-06,7.99903001092069,"DOWN"
"18384",-3.56484269905284,5.97248049308126,-5.81746300579738,6.62861373224608e-08,6.5730596362044e-06,7.9227429674263,"DOWN"
"13844",2.80429126584223,7.85329345350305,5.81320562089887,6.75716698771494e-08,6.66877940057706e-06,7.90444790036351,"UP"
"13988",-2.41957756404876,11.5073858288069,-5.79904758396247,7.20254169867549e-08,7.02672549798204e-06,7.84365499098534,"DOWN"
"17351",2.4105543581905,10.2908227952024,5.78591987892705,7.64120240393737e-08,7.33273727463556e-06,7.78735209092245,"UP"
"16200",-4.24630223915241,8.3364613817982,-5.76654062389913,8.3371103736088e-08,7.89145392818317e-06,7.7043536758862,"DOWN"
"10568",-3.48268495882737,6.20694899672659,-5.76160209272808,8.52418077122489e-08,8.02759732373576e-06,7.68322500392305,"DOWN"
"771",3.3025013633466,8.7132362661896,5.76071957615695,8.55804171085929e-08,8.02759732373576e-06,7.67945026286524,"UP"
"1572",-4.02116008792311,9.70084540153197,-5.74310379077223,9.26224473411777e-08,8.57231041525638e-06,7.60416408179955,"DOWN"
"16504",-2.58799513599001,7.9749632899358,-5.72949896489961,9.84476027694438e-08,8.9915477196092e-06,7.546099552079,"DOWN"
"17059",2.07946419154301,10.5811349045196,5.7283492144393,9.8956058134255e-08,8.99851945234815e-06,7.54119568347454,"UP"
"15066",-2.79211472417981,9.34395966645688,-5.72235429167482,1.01649254030461e-07,9.20323506926229e-06,7.51563446570671,"DOWN"
"3338",-2.82561502318931,6.69322568360767,-5.71112267518445,1.06890081634435e-07,9.58163528262905e-06,7.46778155902637,"DOWN"
"4224",2.51747204325818,7.15710854871678,5.68008338216507,1.22791883717586e-07,1.05661908534504e-05,7.33578644883117,"UP"
"7182",2.51832069192584,9.52539105370311,5.67565579743816,1.25241656486571e-07,1.06886567814604e-05,7.316988089102,"UP"
"19099",-2.15352981614222,7.62780820109012,-5.64993008273992,1.40453791988923e-07,1.17793307563651e-05,7.2079127993746,"DOWN"
"11020",-3.91464747624823,8.74986683049472,-5.64805692551923,1.41629659812852e-07,1.17971841437713e-05,7.19998072760937,"DOWN"
"10869",2.86129339531139,8.23135912924189,5.64714519113286,1.42205486753953e-07,1.1797956399061e-05,7.19612038923588,"UP"
"5956",-2.15629510477445,7.55522002814016,-5.64008797276315,1.46741005144857e-07,1.21259313140337e-05,7.16625061412659,"DOWN"
"8181",-2.81358603576538,5.32699082643506,-5.60724493030302,1.69785019446929e-07,1.35984740190879e-05,7.02749744928362,"DOWN"
"382",2.05501668046314,11.9010062280159,5.59986056604928,1.75435653399875e-07,1.39648654996866e-05,6.99635868457264,"UP"
"339",2.16370722062839,5.41136732788633,5.59881943811793,1.76247030559898e-07,1.39648654996866e-05,6.99197013034392,"UP"
"16753",2.08390240166651,9.25104418013135,5.59866016971549,1.76371476489511e-07,1.39648654996866e-05,6.99129882111436,"UP"
"15897",-2.31152119641159,7.51650724617233,-5.58491487629237,1.87442411586846e-07,1.46298551956319e-05,6.93340075360361,"DOWN"
"11373",-2.1487017973557,8.83872813125737,-5.56797408280529,2.02027584241766e-07,1.56394885288124e-05,6.8621455547509,"DOWN"
"5770",-2.29725389140595,6.23272578868356,-5.55965675428306,2.09589944544491e-07,1.61648185377573e-05,6.82720358129556,"DOWN"
"17482",3.60339197557299,11.9367770419558,5.55465996084193,2.14265866120537e-07,1.6464473786325e-05,6.80622480777853,"UP"
"15107",-2.43020154399087,6.86848205251078,-5.54963195233971,2.19074161705118e-07,1.6649636289589e-05,6.78512506328153,"DOWN"
"4450",2.14617648241575,9.89925697670148,5.54773954110088,2.20911136406169e-07,1.6663695301809e-05,6.7771862933332,"UP"
"6218",2.94949546077065,8.513286189281,5.53682952413555,2.31799672361428e-07,1.71779230507273e-05,6.73144620329868,"UP"
"17033",2.77471942319785,10.4675172199018,5.53316710725733,2.35571463373609e-07,1.73955324584824e-05,6.71610230493778,"UP"
"20693",-2.49443093385239,5.19821625898394,-5.52718801892342,2.418587266878e-07,1.77967000867376e-05,6.69106420167235,"DOWN"
"19762",-2.58637679547946,8.24680707977529,-5.52412851284616,2.45139223431228e-07,1.79745746082109e-05,6.67825775794063,"DOWN"
"12150",-2.01140865261904,9.12118690368352,-5.51188217395235,2.58712216944349e-07,1.87715094273489e-05,6.6270350995448,"DOWN"
"5126",-2.66095574516482,7.9589688177691,-5.50850696877579,2.62580723372818e-07,1.89860450816513e-05,6.61292834588521,"DOWN"
"11226",-2.31090484293815,10.9043963949453,-5.48531022548687,2.90744020788292e-07,2.06636637846259e-05,6.51610247026762,"DOWN"
"12103",2.26466889874844,7.16589051851861,5.48039213394244,2.97084651152849e-07,2.10249755183871e-05,6.49560203801464,"UP"
"5281",2.13581645400719,7.15004865666815,5.46848994175445,3.12995244303041e-07,2.20196384032653e-05,6.44603035868687,"UP"
"12044",-2.59007115719728,7.09778977873702,-5.46733337937445,3.14585076269176e-07,2.20569684452166e-05,6.44121647391168,"DOWN"
"379",-2.37934965880859,5.3298470232126,-5.46284754124915,3.20826549177247e-07,2.23441206022307e-05,6.42255057376643,"DOWN"
"3428",-2.29571267489279,7.82399199009921,-5.44436823018995,3.4784168659895e-07,2.39057930090315e-05,6.34574445682547,"DOWN"
"14367",-3.69557113556002,6.54102088568647,-5.39754503319525,4.26658254319818e-07,2.88465308050516e-05,6.1517680905771,"DOWN"
"13726",3.16391220931666,9.38598184716895,5.38242797896767,4.55653102177545e-07,3.0707185112444e-05,6.08933860619572,"UP"
"1514",-3.39088886606003,5.22806661552489,-5.37350240330882,4.73668559735715e-07,3.1715993851886e-05,6.05252370036005,"DOWN"
"13533",-2.06305998718674,9.15582848580399,-5.3603975574498,5.013883771542e-07,3.31871255143313e-05,5.99853206161826,"DOWN"
"13113",-2.730516431888,9.48936802940148,-5.35599430987195,5.11053673308463e-07,3.34803985897923e-05,5.98040720838201,"DOWN"
"9955",-2.34712556091667,7.1855892196063,-5.35589495286241,5.11273854761523e-07,3.34803985897923e-05,5.97999832586817,"DOWN"
"11081",2.41795410553537,6.96855671063933,5.35285647192241,5.18052308188838e-07,3.38179350022707e-05,5.96749614349056,"UP"
"5895",-2.0561577574773,9.74233929939246,-5.34849187264935,5.27943202608004e-07,3.41761580238927e-05,5.9495443981738,"DOWN"
"4837",-2.08294015001207,9.16686402358859,-5.34720334315151,5.30898366162719e-07,3.4227329959667e-05,5.94424619054803,"DOWN"
"14996",-2.5299023144532,12.2878676630725,-5.34357944816559,5.3929654407728e-07,3.46561637715663e-05,5.92934918053494,"DOWN"
"11870",2.41195065645673,7.2513885028275,5.34219346590992,5.42542709831474e-07,3.46561637715663e-05,5.92365320960731,"UP"
"7691",-3.50452272415426,7.33641420159981,-5.33735653544959,5.54021881568551e-07,3.52811977424572e-05,5.90378133321756,"DOWN"
"8628",-2.39590165027053,5.40119482156885,-5.32511724510094,5.84139851172462e-07,3.68609947297435e-05,5.85354277181547,"DOWN"
"12334",-2.19712337202142,4.42606117348499,-5.31837395301153,6.01411428718144e-07,3.77222638302007e-05,5.82589118671256,"DOWN"
"13523",-3.99183749221209,6.19039949139695,-5.30372507473669,6.40669716779467e-07,3.9824794573778e-05,5.76588965623225,"DOWN"
"16234",2.35985055620454,9.98899402807963,5.29322424268739,6.70341792725084e-07,4.15452306300808e-05,5.72293573339018,"UP"
"13140",-2.44683052028371,5.71933798578636,-5.28932625220713,6.81694680958267e-07,4.18803971104912e-05,5.70700311572665,"DOWN"
"12151",-2.22370704502578,8.50328170947567,-5.28452171567912,6.95946656473418e-07,4.2499686728453e-05,5.68737420438563,"DOWN"
"9703",-2.05480319976595,5.82689245126862,-5.2764854729495,7.20438484183704e-07,4.34852492598303e-05,5.65456471040436,"DOWN"
"12708",-2.15467171426013,6.53334318913291,-5.26841118094265,7.45893893390111e-07,4.47622318039068e-05,5.62162834585343,"DOWN"
"4233",2.35885865361722,9.49252558604267,5.26538373056038,7.55663171128482e-07,4.51938157237412e-05,5.60928624945415,"UP"
"9986",-2.28522388942879,4.82336585341821,-5.26484147507136,7.57426127909416e-07,4.51938157237412e-05,5.6070760455421,"DOWN"
"15263",-3.11137202565462,6.87070256481288,-5.25349894840492,7.95237277976226e-07,4.7314345933077e-05,5.56087417049701,"DOWN"
"1388",-2.43750531852275,6.00896012553824,-5.24995738102199,8.07416676882997e-07,4.77660365892373e-05,5.54645980312464,"DOWN"
"17689",-2.03214339410308,7.16201377058059,-5.24545986764316,8.23146450089206e-07,4.8545878439279e-05,5.52816266537097,"DOWN"
"13437",4.5162180626034,8.23858944876614,5.22373927610868,9.03425509085917e-07,5.2113387260956e-05,5.43992333298378,"UP"
"4011",-2.14007545164306,8.04309432931906,-5.21711779257288,9.29384484198873e-07,5.34627140855175e-05,5.41306542272475,"DOWN"
"4226",2.34364881588567,8.12461844894446,5.2158985990677,9.34243001094294e-07,5.35941494622247e-05,5.4081222880935,"UP"
"13500",-4.33486298350961,6.00263622482138,-5.20722864344996,9.6951548186851e-07,5.51617223891526e-05,5.37298969924898,"DOWN"
"1573",-2.62211105846977,9.72489369306236,-5.19995916848523,1.00008970317999e-06,5.64386666098107e-05,5.34355808020195,"DOWN"
"11491",2.12432696332366,9.37715276577991,5.19760991793303,1.01017003609619e-06,5.68534617072085e-05,5.33405183031603,"UP"
"3687",2.53451440047928,6.19745149277906,5.1968287508907,1.0135438478078e-06,5.68895878349046e-05,5.33089138381544,"UP"
"2501",4.16092349020046,8.63825929336669,5.16968766871202,1.13784481247289e-06,6.26838105157022e-05,5.22125445617651,"UP"
"6221",-3.48449517281339,8.75111276761434,-5.15767303919597,1.19750884075387e-06,6.56234844733122e-05,5.1728273966801,"DOWN"
"11594",-2.07368569950165,7.7228906565371,-5.15270554793356,1.22305958931678e-06,6.68477503620279e-05,5.1528241987094,"DOWN"
"14762",-2.65596281478886,7.23096831826249,-5.12625165119951,1.36834778929624e-06,7.40116217254672e-05,5.04648853876473,"DOWN"
"10997",2.65321404465006,9.05282677903552,5.09556977282147,1.5580044894286e-06,8.15173002207569e-05,4.92355989037916,"UP"
"4938",2.80388583687039,10.486606305572,5.08981800247704,1.59630660687032e-06,8.33120019585651e-05,4.90056347070207,"UP"
"6219",-3.32299860289292,9.20458949827753,-5.06804139898847,1.74981523387607e-06,8.95286300497183e-05,4.81363659492669,"DOWN"
"19767",-2.76406795022707,5.30242569373092,-5.04516348051979,1.92657208421485e-06,9.69056451248552e-05,4.72255190763974,"DOWN"
"6360",-2.45556468589976,5.92803139726037,-5.04069169263238,1.96309945053356e-06,9.82682282642089e-05,4.70477689242773,"DOWN"
"12043",-2.02349972543402,6.75812020127611,-5.03533434183352,2.00774955638396e-06,9.97837154227673e-05,4.68349421917207,"DOWN"
"3074",-2.8446858759357,6.83072652526913,-5.01997840027961,2.14128460303376e-06,0.000105413972987175,4.62256603687542,"DOWN"
"17337",-2.73153353205648,9.39220559407076,-5.01470776492346,2.18908226476239e-06,0.00010743507624946,4.60167929812508,"DOWN"
"19750",2.76635907502757,10.4156495455899,4.98505665570459,2.47797635737883e-06,0.000119171777519761,4.48442241647666,"UP"
"16386",2.61574711345032,10.0642473349827,4.97704001568131,2.56225461591813e-06,0.000121818242287395,4.45279223876803,"UP"
"13453",2.68312598675722,6.99884483501808,4.97301042480215,2.60566477388229e-06,0.000123039372451984,4.43690485360454,"UP"
"16521",-2.02596558357601,6.60549948317898,-4.96278754969004,2.71903136225424e-06,0.000127238447387825,4.39663431617728,"DOWN"
"17566",2.58113468641518,8.98199534027943,4.95654368708959,2.79061924026948e-06,0.000130004150020966,4.37206286863023,"UP"
"189",-2.87583487924958,10.718861314807,-4.9485454535486,2.88500586587712e-06,0.000133802588309633,4.34061492171505,"DOWN"
"323",-2.13130024146069,5.02895334711326,-4.94509982848594,2.92661837786743e-06,0.000134831639603344,4.32707672613465,"DOWN"
"7119",-2.68779854994226,7.36638896937758,-4.93376951216643,3.06761304844762e-06,0.000140395547518403,4.28259934350369,"DOWN"
"11471",3.04370562190416,8.68811483984188,4.93227780636396,3.08666125450485e-06,0.000140415793490605,4.27674826042732,"UP"
"16118",-3.0660253610242,5.07075022593863,-4.9118783896983,3.35898566442715e-06,0.000149780551340537,4.19684199680574,"DOWN"
"12671",-2.57516810666276,8.20108811468019,-4.90018602701815,3.525465116926e-06,0.000156143271219922,4.15113358280975,"DOWN"
"11792",-3.93446684355068,6.0417559566792,-4.8997607435267,3.53166926357008e-06,0.000156143271219922,4.14947230328491,"DOWN"
"8079",-2.359664501425,3.16274546997633,-4.88869739478123,3.69684705086106e-06,0.00016275505916941,4.10628686913096,"DOWN"
"17610",2.19323056638454,9.55958302641932,4.88511497885647,3.75192550915782e-06,0.000164282279928,4.09231591277642,"UP"
"8399",2.22848332911892,7.25526817549422,4.88352282043558,3.77665975755417e-06,0.000164874555118046,4.0861087294052,"UP"
"4907",2.62405795506981,10.5239048575478,4.87980274705958,3.83507082156687e-06,0.000166378155808976,4.07161053141262,"UP"
"11614",-2.34113223648887,5.87426184430213,-4.86415359026186,4.09055290748576e-06,0.00017492488210446,4.01069606344218,"DOWN"
"8764",-2.48030943663907,7.64772054540737,-4.85370979205977,4.27017938972411e-06,0.000181473909411459,3.97011094003734,"DOWN"
"19899",-2.37676178017799,6.69737287587995,-4.84467397349191,4.43175612463781e-06,0.000187574978738735,3.93504100428931,"DOWN"
"10670",-2.41752551819979,6.43969129137967,-4.84150716418335,4.48977822992002e-06,0.000189645318174147,3.92275955972171,"DOWN"
"3880",2.94272736478955,8.86405930910679,4.82642424377987,4.77641052724458e-06,0.000199726853050886,3.8643340133454,"UP"
"10268",-2.09494198104638,7.26560148671599,-4.81915565108262,4.92081351832914e-06,0.000204047188522737,3.83621885841909,"DOWN"
"7432",2.31441481544993,12.4813224881993,4.81051237787665,5.09805161598145e-06,0.000208979974116531,3.80282089137062,"UP"
"19216",-3.35267547191085,7.32545350527191,-4.76560606150339,6.123412299623e-06,0.000244748440935411,3.62990765406129,"DOWN"
"14986",-2.3275842304168,8.47128180112866,-4.7628963282484,6.19130906934694e-06,0.000245576800114439,3.6195064588649,"DOWN"
"12864",-2.47670441022375,4.5877481682442,-4.76199497768223,6.21405539791218e-06,0.000246010436513542,3.61604749243655,"DOWN"
"12571",3.13707170787241,9.76935305048099,4.76083989797673,6.24332338653495e-06,0.000246700125618982,3.61161543635,"UP"
"37",-2.41916901519886,5.80374504270507,-4.75748217784617,6.3291647484627e-06,0.00024861520311953,3.59873568363425,"DOWN"
"16089",-2.23049277365694,6.7647557851005,-4.75707917198799,6.3395444130076e-06,0.00024861520311953,3.597190195214,"DOWN"
"2297",-2.02396354817594,7.74680074330022,-4.74863187748782,6.5609508629707e-06,0.000256332534278615,3.56481473280169,"DOWN"
"5133",-3.01549586999451,7.5070617640967,-4.74324493928531,6.70604325979642e-06,0.000260049617955308,3.54418758109553,"DOWN"
"14216",2.54046006422831,8.81014250262652,4.73804186529762,6.84913653955798e-06,0.000262663755616492,3.52427858059214,"UP"
"5814",3.2757516169631,7.7001941579121,4.72795146332959,7.13513001121837e-06,0.000271630616734207,3.48570835665317,"UP"
"2599",-2.34063436068442,9.35515399926385,-4.71511751235125,7.51565933247486e-06,0.00028301282086701,3.43672672038913,"DOWN"
"20007",2.43617942111639,12.2861473097169,4.70551104280953,7.8133001473799e-06,0.00029158452019541,3.40011862584034,"UP"
"7051",-2.47581427162701,4.58123120726737,-4.68455446730877,8.50280207345054e-06,0.000312279277561789,3.32042380996838,"DOWN"
"5085",-3.92719327896588,6.43887072166625,-4.67820429802431,8.72313113004108e-06,0.000317382970101769,3.29632012538933,"DOWN"
"8055",3.42448717263415,7.56634947341232,4.66961706615878,9.02989818076873e-06,0.000326772478674086,3.26375856230507,"UP"
"20111",-2.34368841934882,5.97516916695993,-4.66786092992068,9.09390905381161e-06,0.00032820028099926,3.25710428898372,"DOWN"
"2086",2.34389321206468,7.28694459558652,4.66632574729459,9.15022626820247e-06,0.000329442514102679,3.25128856481633,"UP"
"19745",-2.44675431416709,4.12775494411287,-4.66606106645436,9.15997001850996e-06,0.000329442514102679,3.25028600043882,"DOWN"
"5119",-2.00545275229267,6.42111064063618,-4.64961943412236,9.78535647544856e-06,0.00034952017709218,3.18807997949915,"DOWN"
"2860",2.94892252507426,8.81605284058786,4.64909677355848,9.80590031412221e-06,0.000349654226269317,3.18610484898977,"UP"
"6974",2.24836272578826,6.79392500273426,4.6409632428155,1.01310351960276e-05,0.000358790266874282,3.1553868167941,"UP"
"16070",-2.33405778270827,7.97712797690739,-4.63815615138057,1.02456530912201e-05,0.000361981291434678,3.14479331864609,"DOWN"
"10848",-2.50971732127451,5.16879931378044,-4.63742971750544,1.02755185019906e-05,0.000362059893884014,3.14205255421243,"DOWN"
"1729",3.06003303323137,7.27238313815606,4.63630723704999,1.03218322114989e-05,0.000362465150037527,3.13781809186125,"UP"
"274",2.09371877102034,7.00464617476985,4.62400244621134,1.08429718760511e-05,0.000376951663350399,3.09144294189263,"UP"
"7282",-3.33900668599132,10.4160615435013,-4.62357365559799,1.0861584218828e-05,0.000376969382954792,3.08982832971616,"DOWN"
"12215",-2.03488413662409,4.63509801441226,-4.6176020273179,1.11240303558579e-05,0.000384795362342832,3.06735227058993,"DOWN"
"2087",-2.1558566813913,5.6465161385469,-4.61556452380484,1.121497336029e-05,0.000387297852826998,3.05968782490769,"DOWN"
"1998",-2.98158502387301,7.60254490699223,-4.61369489530713,1.12990564494326e-05,0.000389555548846001,3.0526568099746,"DOWN"
"17382",-2.08444902851095,7.26141835059426,-4.60381334036987,1.17536993012512e-05,0.000402564201067853,3.01552660188842,"DOWN"
"6513",-2.3360088756589,7.63285604193456,-4.58412745374624,1.2712802680178e-05,0.00042975877112342,2.9417113940172,"DOWN"
"8294",-2.39090976268492,4.92386535034813,-4.5834888121544,1.27451529181695e-05,0.000430154075150668,2.93932017759174,"DOWN"
"7474",-2.33139486520631,7.59763587602593,-4.58301708265239,1.27690994073581e-05,0.000430264928897774,2.93755405737961,"DOWN"
"3878",2.64515560149031,5.50604218165928,4.57579382533736,1.3141258293818e-05,0.000440446232048311,2.91052560247039,"UP"
"2826",2.00856220737328,10.2542678222637,4.57061410402173,1.34145689799006e-05,0.000446951975099919,2.89116100659577,"UP"
"16746",-3.66219157975276,5.37974642708398,-4.5685527086761,1.35248626554779e-05,0.000449906932807781,2.88345840423132,"DOWN"
"14604",2.05094802595043,9.12172344293256,4.56732452264539,1.35909925561353e-05,0.000451385692167404,2.87887025410198,"UP"
"14850",2.34869428786495,6.91883570225312,4.56316601666862,1.38172322405343e-05,0.000457440451791553,2.86334129209999,"UP"
"9084",-2.007966100072,9.27023724772614,-4.55916891752678,1.4038122333688e-05,0.000462547246007467,2.84842383612345,"DOWN"
"9259",-2.52484521004787,5.15686836309798,-4.55790907541441,1.41084497846115e-05,0.000464130107922197,2.84372379976252,"DOWN"
"16439",2.45299728842936,6.76218056020244,4.55552507819051,1.42424641428963e-05,0.000464219741952152,2.83483226904852,"UP"
"5868",2.93701173039941,8.55109450026789,4.55293658223826,1.43893685237053e-05,0.000467034393400651,2.82518149486324,"UP"
"18349",-2.25193232683989,8.0278342875881,-4.55277508369424,1.4398582431964e-05,0.000467034393400651,2.82457949434022,"DOWN"
"4269",2.95169799693859,8.86319861227298,4.55033898110132,1.45382626066985e-05,0.0004701005908725,2.81550040771334,"UP"
"11485",-2.8061749248331,7.01113539494577,-4.54436528237061,1.48863498792214e-05,0.000479124188384707,2.79325065529783,"DOWN"
"6810",-2.65463514143985,6.56354804602816,-4.54055293006522,1.51126945400719e-05,0.000484164232465318,2.77906118061593,"DOWN"
"15638",3.18890492590131,7.89418547342938,4.52566003268582,1.6029226333804e-05,0.000509605837431164,2.72370568184247,"UP"
"4255",-2.74531647190308,6.76780801144917,-4.52378520489058,1.61483463933711e-05,0.000511831301819727,2.71674565559899,"DOWN"
"7001",2.26384228685921,6.44734141213688,4.50418838480356,1.74458037450184e-05,0.000544664793382703,2.64410987364889,"UP"
"13512",-2.6116506479254,6.80085150821903,-4.50245016238588,1.75656330520189e-05,0.000546766431502602,2.63767725552308,"DOWN"
"8920",-2.5961070799234,4.30221213171918,-4.4828650308182,1.89719666872603e-05,0.000577590985812146,2.56531315337105,"DOWN"
"15185",-2.31217041296022,3.5113439050924,-4.46531287300064,2.03242675056615e-05,0.000612492831458604,2.50063967208697,"DOWN"
"10979",2.43522087597991,10.4067442721954,4.45447645174553,2.12051431978935e-05,0.000632829141937761,2.46079617325132,"UP"
"13338",-3.2550335688624,7.6012028961926,-4.4515731612599,2.1447339364445e-05,0.000638940479149074,2.4501323512547,"DOWN"
"6258",2.12997641703443,7.04161539058553,4.4473453362728,2.18048124845913e-05,0.000647736683565092,2.43461185106627,"UP"
"6103",2.08058128172271,9.5238984030118,4.44382919186995,2.2106486507245e-05,0.000653899822481348,2.42171150764824,"UP"
"17936",-2.74221388721007,6.7283643698651,-4.43768568515735,2.26432767604549e-05,0.000666935778302282,2.39918814108568,"DOWN"
"14978",2.16287801192587,9.38963315582691,4.41875842765299,2.43773167905835e-05,0.00070799615738788,2.32992897939877,"UP"
"7540",2.42888332477598,9.51579831755194,4.41836346613599,2.44148325830711e-05,0.000708098152799266,2.32848585377011,"UP"
"6186",-2.49506622952471,6.94631963306222,-4.41651736128293,2.4590926651115e-05,0.000711224245253915,2.32174164083111,"DOWN"
"3874",2.09872449024281,8.10171773275467,4.41456087585534,2.47788870871932e-05,0.000714675269672729,2.31459626407548,"UP"
"17949",2.07135828828728,8.63336434195655,4.37936098861725,2.84070570071467e-05,0.000799389939347057,2.18640788304865,"UP"
"10768",-2.45270775554614,7.78514265899452,-4.37240568614112,2.91822206275833e-05,0.000817887701680745,2.16116112176887,"DOWN"
"8717",-2.59478765099173,5.26147713089452,-4.36687372390647,2.981327583484e-05,0.000831099941077254,2.14110041198159,"DOWN"
"7261",2.60636840912428,9.11364831021022,4.35847901066098,3.0796093327317e-05,0.000852789690755384,2.11069153648739,"UP"
"1892",-2.19108331762934,6.34372619034053,-4.34724562174215,3.21602140940017e-05,0.000880031929426402,2.07006246236545,"DOWN"
"19383",2.06631641014571,11.9343070604888,4.32188334335007,3.54575294194391e-05,0.00095150462967835,1.97859623749837,"UP"
"1112",-2.16216062117854,7.79873337590134,-4.30728307894537,3.75009304414731e-05,0.000996070632032189,1.92610894652284,"DOWN"
"15433",-2.13933560611876,7.67159542243235,-4.29370856072165,3.9502155884276e-05,0.00103470804293606,1.8774190815165,"DOWN"
"612",-3.02257943000207,6.6236907937113,-4.26614603825764,4.388653910973e-05,0.00113105605250126,1.77888360606428,"DOWN"
"19212",-2.87395283786774,8.2038213334997,-4.26176746593859,4.46247931102139e-05,0.00114724282929271,1.7632708291734,"DOWN"
"18036",2.9602208825243,6.98731944390501,4.25209403382347,4.62983835271663e-05,0.00118151659138445,1.72881757896753,"UP"
"18383",-2.22845590591939,5.39091448425583,-4.24607098192964,4.7370748942197e-05,0.00120592723223999,1.70739319628716,"DOWN"
"20424",-2.41859528973398,5.51663356436501,-4.24572285614432,4.74334552638332e-05,0.00120604917266674,1.70615553744124,"DOWN"
"12555",-2.56559015253754,7.53024012727163,-4.23665258277379,4.90956642700599e-05,0.001240738000922,1.67393379748825,"DOWN"
"17294",-2.10220598218645,8.68009032527801,-4.23543304905223,4.9323381675255e-05,0.00124347469734323,1.66960512668031,"DOWN"
"6145",-2.81649342165985,8.72973859839966,-4.23111801682677,5.01372876360964e-05,0.00125747144046613,1.65429613598276,"DOWN"
"8688",2.07087048350173,10.0390293469043,4.22724446073225,5.08789078058158e-05,0.00127191161602438,1.64056271654194,"UP"
"7752",2.17930125616346,5.42742046850774,4.22387738736905,5.15321159983164e-05,0.00128208456815883,1.62863214307145,"UP"
"15157",-2.51446687361637,8.91855338976322,-4.22159171952764,5.19801184013158e-05,0.00129014777781764,1.62053711169056,"DOWN"
"19862",-3.99660161882495,9.41316585598647,-4.20052026869937,5.62904179891723e-05,0.00137581181244897,1.54605415953974,"DOWN"
"6706",2.39390741568473,8.23808532575893,4.19504149324941,5.7466197016721e-05,0.00139635482692672,1.52673076270972,"UP"
"8111",3.09036957571003,9.05124022665897,4.16923077076376,6.33300599911554e-05,0.0015141046719355,1.4359365303861,"UP"
"4780",-2.93860582316636,6.56765877867888,-4.15716481500829,6.62644428017701e-05,0.00157882237632044,1.39362793023431,"DOWN"
"7228",-2.10556014588012,6.38301731274623,-4.15146571504467,6.76954032035626e-05,0.00160923410537784,1.37367453211226,"DOWN"
"6137",-3.20492734128697,10.7693886872867,-4.14781819357817,6.86267579067596e-05,0.00162765786634438,1.36091419518279,"DOWN"
"15504",-2.84430778734855,7.11734914647247,-4.13570009118636,7.1810089959468e-05,0.00168397895643689,1.31857787326035,"DOWN"
"11048",-3.79690986323757,5.83064717686681,-4.13396578656191,7.22771090597619e-05,0.0016930242059173,1.31252602791925,"DOWN"
"2843",-2.13386360600057,6.27247907333593,-4.13087558029868,7.31164809414897e-05,0.0017054236929352,1.30174724357712,"DOWN"
"14384",-2.19343632821549,6.9790640131753,-4.12787286481524,7.3941041493389e-05,0.00172038910397579,1.29127912176204,"DOWN"
"145",-2.09917200031491,5.96235396469348,-4.12458310814365,7.48546638911144e-05,0.00173582797424117,1.27981652881224,"DOWN"
"2571",2.67662741902955,11.0776600951247,4.12323431097158,7.52323697344447e-05,0.00174132351977622,1.27511875655228,"UP"
"11579",2.25820500028136,8.66626258448852,4.11906346255628,7.64119406374479e-05,0.00176408231910667,1.2605988877903,"UP"
"20665",-2.80468858320442,6.98738746567194,-4.11442470767474,7.77446743214575e-05,0.00178885334983781,1.24446240751854,"DOWN"
"2516",-2.56872742762211,10.0121234708413,-4.11197772617694,7.84566547732243e-05,0.00179931869933659,1.23595550408514,"DOWN"
"18597",2.44505864179221,8.25453238698731,4.10969245355224,7.91272273287775e-05,0.00181070921087303,1.22801403992398,"UP"
"296",-2.41424453743931,5.35790176686089,-4.10682186658052,7.99773400284609e-05,0.00182300413256815,1.2180430365992,"DOWN"
"19910",2.48145303917093,8.94576720949832,4.10350469977642,8.09706132601683e-05,0.00183674515308251,1.20652703095616,"UP"
"17609",-3.36541313554134,5.12611889075888,-4.1003207190372,8.19351232516625e-05,0.00185660174819654,1.19547965209798,"DOWN"
"7148",2.6270346431316,11.2829169425654,4.09504918446493,8.35562673039678e-05,0.00188309059560371,1.17720261679009,"UP"
"15063",-2.25379922964932,7.0831768328835,-4.09224839075375,8.44300522992875e-05,0.00189867322794856,1.16749877507211,"DOWN"
"3335",-2.28676437723574,4.64954088722844,-4.09060170173318,8.49478639110697e-05,0.00190825708531188,1.16179574979716,"DOWN"
"3373",-3.23226815664311,9.0515621543897,-4.0897345863119,8.52217558331206e-05,0.00191234681408287,1.15879330455294,"DOWN"
"18799",-2.02864152956545,6.84807918874802,-4.08243932346277,8.75598347890361e-05,0.00195606392806506,1.13355102416061,"DOWN"
"11337",-2.86029081991038,7.08077631665446,-4.08204549489542,8.76877872639213e-05,0.00195606392806506,1.13218925993833,"DOWN"
"776",-2.01077536209689,5.27729187878759,-4.06249970062661,9.4268134156816e-05,0.00207290351180732,1.06472312819564,"DOWN"
"8296",-3.25158359414302,10.7575969224936,-4.05769409961837,9.59570226990713e-05,0.00210116618368608,1.04817131047808,"DOWN"
"13114",-2.47268764469183,3.69072060384042,-4.04418886706592,0.000100859895083544,0.00219467759166115,1.00173112603729,"DOWN"
"2929",-2.6958527592267,6.79758831545335,-4.0411821400662,0.000101983633553566,0.00221195766266821,0.99140714810301,"DOWN"
"15791",2.425116517545,6.73469545556716,4.0323522205761,0.000105353451160977,0.00226640523447953,0.961120556565766,"UP"
"974",2.48166089819128,7.84774736914395,4.02852267565773,0.000106847849420557,0.00229145171610059,0.948000118525506,"UP"
"9192",-2.85503161693602,6.67363392204873,-4.01872690326259,0.000110763324942944,0.00235601172483337,0.914479792546107,"DOWN"
"4320",-2.06844481743776,4.7754540602733,-4.01391474032601,0.000112736731147116,0.00239020414627296,0.898034622433278,"DOWN"
"4088",-3.20251546439516,7.90419324852029,-4.01368944772284,0.000112829940250976,0.00239020414627296,0.897265053550222,"DOWN"
"18255",-2.35169395631957,6.82439837172415,-4.01077863547617,0.000114040865058861,0.00240606582977278,0.887324932000956,"DOWN"
"3830",2.19203674906105,9.88770823394082,4.00182761537486,0.000117842964642266,0.00247874938960661,0.856790924366334,"UP"
"11991",4.4493217365633,6.22319966027916,3.9994971354061,0.000118852595121618,0.00248992599679334,0.848849246188489,"UP"
"19983",2.1330140700236,6.56619251995859,3.99773333061627,0.000119622220615723,0.00250101719086527,0.842840887078928,"UP"
"12543",2.14380743165187,7.25463057943471,3.99310440596872,0.000121664758309467,0.00253608301004639,0.827081731207565,"UP"
"3868",2.15864757620055,9.18214389573031,3.98439661372113,0.000125597844430334,0.00259469197660445,0.797472100821476,"UP"
"9125",-2.0560806057122,4.62084008253631,-3.98374416591512,0.000125897383475075,0.00259830239195735,0.79525543917053,"DOWN"
"12002",-3.04420651855041,3.16978509707401,-3.97617425048621,0.000129423045378393,0.00266314772426844,0.769556345088248,"DOWN"
"19898",-3.42745603494607,6.32704307177076,-3.97231969690969,0.000131254361681984,0.00269284810607452,0.756484228599622,"DOWN"
"13256",2.13730552864249,9.57735074597389,3.96886472904562,0.000132916860302173,0.00271625191259318,0.744775111221188,"UP"
"7448",-2.95365239776433,9.0645273898743,-3.96850797174607,0.000133089670448861,0.00271711695826184,0.743566460690989,"DOWN"
"5930",2.9700939911792,6.01344014205222,3.96601801326979,0.000134301777829832,0.00273917749415125,0.735132993203557,"UP"
"4456",2.57464463348687,7.36068317517565,3.95790780980707,0.000138323378699696,0.00280657859326354,0.707690635699947,"UP"
"653",-2.02686292461807,9.02045478633148,-3.94494099246552,0.000144993240409795,0.00291723597902761,0.66390048574352,"DOWN"
"20538",3.12137074805045,8.51220145062171,3.93793290345032,0.000148724827675413,0.00297792866491616,0.640277377703307,"UP"
"8795",-2.09806347292589,5.23905041823386,-3.93697326739525,0.000149242887733083,0.00298543121436476,0.637045002965514,"DOWN"
"7958",-2.45007219274539,9.57656893088976,-3.93504836718293,0.000150287246179254,0.00300286625640354,0.630563039981618,"DOWN"
"15201",-2.60166427111435,7.76339835396466,-3.91484741465707,0.000161676620870774,0.00318519768496972,0.562678406940275,"DOWN"
"17718",-2.17945833353196,4.69809321243409,-3.89819984610684,0.000171677252831175,0.00333800850882949,0.50692836805504,"DOWN"
"11715",-2.68712322293984,4.54522432734305,-3.89426691200887,0.000174124623771131,0.00338243578862876,0.49378322133895,"DOWN"
"7154",2.05801084294401,8.67932383843752,3.89397704572853,0.000174306311465751,0.0033828095339821,0.492814781858486,"UP"
"16332",-2.37475039647048,4.49762272073031,-3.87796135228351,0.00018463077826044,0.00354833345617776,0.439389470160581,"DOWN"
"20421",2.34431927312789,5.8138674123344,3.87014331335756,0.000189880001802524,0.00362425403990445,0.41336924413011,"UP"
"13167",-2.14042786571445,9.44230517600473,-3.86445583593772,0.000193787791387621,0.00367526135505994,0.39446450108366,"DOWN"
"18046",4.09888655000919,8.48226104952564,3.8625501683273,0.000195114210208139,0.00368698576531243,0.388134824645261,"UP"
"3855",-2.31603405487195,5.82708968715348,-3.85394701777246,0.000201210798962595,0.00375247755417214,0.35958834161158,"DOWN"
"579",2.9774424163967,10.4682799122261,3.85228707444126,0.000202407817253215,0.00376333963078656,0.35408586087775,"UP"
"4201",2.46467014561433,10.1989284819644,3.84348609333589,0.000208868585614166,0.00385499134039345,0.324941321721606,"UP"
"15783",2.1133160764221,8.9899813677417,3.83307974716689,0.00021676139048281,0.00397591773061809,0.290544714375488,"UP"
"1564",-2.37616717190191,4.24056674631799,-3.82852735183911,0.000220302800097453,0.00402419781511348,0.275519340677699,"DOWN"
"20549",-2.19434778405891,4.6842540304422,-3.82483659399514,0.000223214296642631,0.00406312457455082,0.263347627632179,"DOWN"
"11745",-2.90998874317828,7.20465329139278,-3.82208221256794,0.000225410957521611,0.00408881339671605,0.254269697899337,"DOWN"
"5611",-4.07591981718495,6.26971730376741,-3.82067556600487,0.000226540704041963,0.00409859567417015,0.249635538048458,"DOWN"
"7362",-3.07585152239026,7.2732239850946,-3.82041651502819,0.000226749347489978,0.00409880938553064,0.248782240552565,"DOWN"
"11358",-2.14047225530745,8.57892842159162,-3.81476684282937,0.000231345440079337,0.00415546647380487,0.23018334448018,"DOWN"
"10759",2.46986823746781,7.55364708921561,3.80899772847827,0.000236130137996088,0.00421351670405358,0.211212504951694,"UP"
"12363",-2.39531646257345,6.75715661524292,-3.8080399992869,0.000236933504706129,0.00421693246474044,0.208065242185752,"DOWN"
"4057",-2.34891326229725,6.64125726061394,-3.80740403846831,0.000237468400710983,0.00421772347922555,0.205975693233248,"DOWN"
"2398",2.23091071668551,6.24647659627309,3.80679689757363,0.000237980128961022,0.00421772347922555,0.203981080669214,"UP"
"16005",-2.24915584101347,7.18300256854456,-3.7994252848621,0.000244277609781645,0.00430722857416847,0.179782482006679,"DOWN"
"3871",2.78971317054071,6.76351255227141,3.79250225864632,0.000250336003276594,0.00439174130769317,0.157088496769638,"UP"
"8896",-2.92312916272593,8.52831243661402,-3.78024260628465,0.000261416788957055,0.00454956316565403,0.116977128342498,"DOWN"
"3869",2.7548929694162,5.28873607224569,3.76608579386838,0.000274792540223934,0.0047369866371053,0.0707802436651965,"UP"
"17004",-3.13193858395415,6.58393854416541,-3.75990883475906,0.00028083035445643,0.00482509183267385,0.0506643809580689,"DOWN"
"532",2.52328504685412,7.84743178798961,3.75498021598994,0.000285738177783082,0.00489326629453528,0.0346317387352588,"UP"
"4802",-2.82426296945069,6.32880773564754,-3.75341277562039,0.00028731601334124,0.00490817773734043,0.0295362335752918,"DOWN"
"13399",2.07000861955858,9.79328370401825,3.74859773974082,0.000292214928555127,0.0049755385709174,0.0138933562665535,"UP"
"6088",-2.0870593341921,7.30221089312848,-3.74598407050071,0.000294907257862592,0.00501192902952515,0.0054085400094408,"DOWN"
"16049",-3.34043640431218,10.1948319562157,-3.74353173837194,0.000297454811950701,0.00504413599679267,-0.00254845286017336,"DOWN"
"15915",-3.25633861701848,7.6113846237774,-3.73859371224599,0.000302648150721244,0.00511139098995879,-0.0185587197929333,"DOWN"
"11086",2.39820033169133,7.17221601968476,3.72026912326101,0.000322683002157542,0.00538425547830821,-0.0778313967619519,"UP"
"9047",-2.80855612787944,7.12614565645235,-3.71549200673614,0.000328109299019179,0.0054399267856492,-0.0932471187615231,"DOWN"
"5745",2.04923559331016,6.08747467714766,3.711925196726,0.0003322171793266,0.00548184670546523,-0.104747374177397,"UP"
"3109",2.59308655687373,7.08777978657592,3.71047140664315,0.000333905467101273,0.00550098690420642,-0.109432334894761,"UP"
"10430",-2.74258417131941,6.5021578738733,-3.70886329047715,0.00033578245875711,0.00552317055383733,-0.114612998471273,"DOWN"
"10250",-2.04100357567643,4.51413245367872,-3.70651596130203,0.000338540244535336,0.0055641373734837,-0.122172023613996,"DOWN"
"6213",-3.97561035618158,6.13845042932323,-3.7022520198487,0.000343604856432,0.00562517887605343,-0.135893733085452,"DOWN"
"16380",2.52484098919586,4.94929842142736,3.70035430153264,0.000345881968252637,0.00564768507460328,-0.141996877280708,"UP"
"10671",-2.54604728596899,4.21025734177805,-3.69961993267656,0.00034676698948586,0.00565471870716801,-0.14435799969409,"DOWN"
"14467",-2.29439017884383,8.94227190589836,-3.69476249068229,0.000352675246017945,0.0057331064192644,-0.159966520153591,"DOWN"
"12406",-2.17334498535501,4.48780883690718,-3.68945681771416,0.000359237781277418,0.00580936963782145,-0.176997484596219,"DOWN"
"18612",2.05040655404163,9.02590781897526,3.68312568507771,0.00036722028927404,0.00591872701535805,-0.197295687892681,"UP"
"13180",-2.4137235618051,6.78420107171573,-3.67538363359196,0.000377210430483129,0.00605164098950746,-0.222081236439269,"DOWN"
"1078",-2.14380792476188,5.34925067511979,-3.67473635578896,0.00037805723225949,0.00605589523428586,-0.224151638025639,"DOWN"
"1187",-2.37320160011043,4.7315045020824,-3.66818401352319,0.000386731415972708,0.006175839728693,-0.245094447042592,"DOWN"
"15794",2.7332055622359,7.25713004972387,3.66399544650273,0.000392374854386885,0.00623726257080342,-0.258467092940364,"UP"
"11331",3.03976546180396,7.88446234848375,3.65584213260525,0.000403584761203776,0.00638319992921774,-0.284464235887883,"UP"
"12651",-2.1852905530545,7.96951571770976,-3.64644923461957,0.000416875065690171,0.00655170291919405,-0.314358774665906,"DOWN"
"20224",2.68537220992174,8.17647503576439,3.62003837466125,0.00045650173907477,0.00705730676651299,-0.398099037632269,"UP"
"12242",2.60714750477267,7.61583764040728,3.61627419403182,0.000462431698102607,0.0071436778051103,-0.409995859701845,"UP"
"4390",-2.248400383612,10.008614875166,-3.61407189561686,0.000465934849892017,0.00719245909129085,-0.416951873414441,"DOWN"
"17518",4.82050926574208,8.29305510871395,3.61035293344906,0.000471907606736566,0.00726312195320197,-0.428690884432998,"UP"
"13245",2.66459520981245,6.13367645841172,3.60654116020295,0.000478104559865917,0.00732652056124269,-0.440713174149647,"UP"
"5751",-2.85285259901729,6.9856376732995,-3.57659365539768,0.000529540179519987,0.00797335119184687,-0.53482537021522,"DOWN"
"4576",-2.35489716040839,6.42076249130229,-3.57065463592458,0.000540343617249314,0.00810087507962543,-0.55341689383623,"DOWN"
"13624",-2.34776904002574,6.26297792402239,-3.56299415142491,0.000554586304215669,0.00826087639412525,-0.577361862442745,"DOWN"
"6395",2.24754862007155,5.57898876959876,3.56165527738083,0.000557111726455336,0.00828663899407566,-0.581542782126292,"UP"
"17031",-2.01235884121172,8.92225112114496,-3.54513593201792,0.000589178450283567,0.0086645847801589,-0.633027340922126,"DOWN"
"7145",-2.66787545591523,6.42622897858028,-3.54425959921973,0.000590927327800516,0.00867193141234527,-0.635753333006511,"DOWN"
"672",-2.01928288635508,13.1151194194016,-3.52664052237026,0.000627146611114079,0.00905665813442412,-0.690449109525126,"DOWN"
"15191",-2.5998824515304,6.4978502694208,-3.51988547202902,0.000641580585041728,0.00923308507457425,-0.711362686255157,"DOWN"
"11326",-2.03137791725405,5.47086578571991,-3.51858858662138,0.000644387352415717,0.00926067786522076,-0.715374244891803,"DOWN"
"10350",-2.87692545296338,3.89887389879583,-3.5130293116734,0.000656550724139912,0.00940950604231902,-0.732557228653744,"DOWN"
"7152",-2.06137896729671,4.11048814717215,-3.50331316431389,0.000678330687717302,0.00966180454242482,-0.762537465445637,"DOWN"
"15643",-2.16132757594833,3.97911198720067,-3.502989077531,0.000679068780495551,0.00966570627822239,-0.76353634943291,"DOWN"
"13101",2.61295742389616,10.6800776424881,3.49746412080071,0.000691768705280563,0.00980625699030799,-0.780553945754225,"UP"
"10866",2.36885364898933,9.08564616531609,3.49663627340074,0.000693690814571387,0.00982681464124801,-0.783102010067977,"UP"
"13045",-2.61816612644534,5.99974503903296,-3.49354886927476,0.000700903692866618,0.00992224235231438,-0.792600679190975,"DOWN"
"5635",-2.45062909424638,5.21699545375497,-3.48772334178957,0.00071470639998865,0.0100765376258386,-0.810505482248624,"DOWN"
"8675",-2.66366167215159,7.97625697234119,-3.48671829532688,0.000717113465097462,0.0101036338275978,-0.813592126331477,"DOWN"
"3986",-2.0128399200428,6.30393601765047,-3.48597410497865,0.00071890070604618,0.010121966398043,-0.815877192922239,"DOWN"
"10480",-2.07286219379261,5.36634143915505,-3.48171977174571,0.000729198731529997,0.010191164017034,-0.828932935239281,"DOWN"
"2523",2.02301730676562,8.66794232134353,3.48103004923307,0.000730881309512983,0.0102078285642511,-0.831048382213154,"UP"
"16237",-2.27788908503773,9.15517457430274,-3.480358138907,0.000732523951840044,0.0102104881791482,-0.833108880561436,"DOWN"
"19006",-2.20681445644273,6.90266716978728,-3.4801280580542,0.000733087237486266,0.0102104881791482,-0.833814380826846,"DOWN"
"17241",2.36699840072235,7.47657346893108,3.48004732235387,0.000733284991937167,0.0102104881791482,-0.834061933185728,"UP"
"7787",-4.21387804863237,6.54317169680748,-3.47894272589686,0.000735995649373469,0.0102314787706654,-0.837448400800073,"DOWN"
"4836",-2.74135696726759,6.88531101124347,-3.47620271515999,0.000742760391091111,0.0102909130965278,-0.84584506459186,"DOWN"
"16822",-2.64731970619267,7.0827753185022,-3.47525680313736,0.000745109299146481,0.0103097382361637,-0.848742569097997,"DOWN"
"18137",-2.43906478714378,6.26004399435488,-3.46978765557388,0.000758828176187637,0.0104647933383651,-0.865483415359617,"DOWN"
"11464",-2.28932015382984,6.8096804364693,-3.46021871136222,0.000783404977536022,0.0107467887036957,-0.894723609456637,"DOWN"
"20021",-3.81313488015669,6.96202795977598,-3.45911955860884,0.000786275538559012,0.0107734950678998,-0.898078256950888,"DOWN"
"156",2.35514549834002,9.4698864483454,3.45719277584135,0.000791331458473732,0.0108341132749882,-0.903956827835304,"UP"
"5254",-2.09803342422941,8.84855209436546,-3.44788829003325,0.000816180339271337,0.0111158530967863,-0.932308216849663,"DOWN"
"10409",-2.18188526645511,5.97500526814276,-3.43889406611293,0.000840897177504191,0.0114002882971011,-0.959656831261039,"DOWN"
"19894",2.78772067735258,6.97584292984106,3.43374770428688,0.000855354808346796,0.0115661743694894,-0.97527989010265,"UP"
"6736",2.51584836074939,7.87331144361064,3.42832443646936,0.000870843195923013,0.0117147536898584,-0.991723521865759,"UP"
"20367",-2.03661265663298,7.63447737439242,-3.42645165198872,0.000876252703200719,0.011749572628108,-0.997397120537777,"DOWN"
"19337",-2.18200312466021,5.76512477742263,-3.42391118455076,0.000883641324771933,0.0118258013798527,-1.00508953781578,"DOWN"
"2537",-3.45469359177779,10.0312654537969,-3.41494514815271,0.000910188792519993,0.0120729091892631,-1.03220211886448,"DOWN"
"15750",-2.47554338103101,5.7613878224871,-3.41493401559212,0.00091022221605566,0.0120729091892631,-1.03223574778717,"DOWN"
"2818",2.35021145761055,7.51913868414989,3.4105944489566,0.000923339241972864,0.0122219532136889,-1.04533795902447,"UP"
"20621",-2.4330907092043,7.31124049985075,-3.40250525161428,0.000948265672341297,0.0124899964331658,-1.06972589532849,"DOWN"
"13848",-2.79198525092999,8.1044038488893,-3.40006707832959,0.0009559019145188,0.0125275226490392,-1.07706766082585,"DOWN"
"18053",2.0030729451148,9.06785832407584,3.39623348792029,0.000968025472007852,0.0126701209485176,-1.08860280674609,"UP"
"9810",2.93264009553837,6.75523321247356,3.38864835035977,0.000992439964219294,0.0128924328227714,-1.11139571442454,"UP"
"20340",2.81413905178957,7.48234450982258,3.38819522010653,0.000993916620469,0.0129035659006524,-1.11275606068153,"UP"
"14177",2.46685399237808,7.69436684933792,3.38727535267089,0.000996920623309349,0.0129108409694069,-1.11551715704688,"UP"
"16061",-2.55998321095888,5.94037328599645,-3.38556061123592,0.00100254321325487,0.012959006749112,-1.12066257211489,"DOWN"
"6660",-2.20455260215882,3.94219362983369,-3.38210534189654,0.00101396352151679,0.0130418631081319,-1.13102447272393,"DOWN"
"6686",2.0425232727014,5.54682170391208,3.3650778865631,0.00107204846528798,0.0136623850925073,-1.18196427106033,"UP"
"6603",-2.04126983120334,6.22922304567791,-3.3558697028326,0.00110474649229832,0.0139849489091916,-1.2094261435817,"DOWN"
"13401",-2.05906090914116,9.22912666187661,-3.34968558779064,0.00112722873483436,0.0142090866671857,-1.22783544429423,"DOWN"
"12222",2.33173537642623,7.69219666873142,3.34675528777742,0.00113803096400149,0.0143192488183487,-1.23654907126437,"UP"
"16072",-2.02904733121074,7.70939766241105,-3.34245179647949,0.00115407138793288,0.0144773389050086,-1.24933498660208,"DOWN"
"6069",-2.69282468280234,3.13039722703126,-3.34209293344737,0.00115541851071911,0.0144855117803821,-1.25040059343509,"DOWN"
"14627",2.22298492005145,9.04740813143328,3.34188740563523,0.00115619069782394,0.0144864711741792,-1.25101084581983,"UP"
"7132",-3.34480396654471,8.17333195376221,-3.33606615635781,0.00117826363612561,0.0147011156133492,-1.26828278140228,"DOWN"
"16011",-2.42404622827349,6.43990778553148,-3.32388583802754,0.00122573274858001,0.0151669748597996,-1.30434420573892,"DOWN"
"13456",-3.18048742582464,6.4335706074382,-3.32232343407012,0.00123194978883836,0.0151979398120676,-1.3089622409017,"DOWN"
"4592",-2.03149627975178,8.5340799676855,-3.31116329700901,0.00127722419390405,0.0155842586547409,-1.34189775433446,"DOWN"
"2319",2.62110914534717,7.43288971642221,3.30907453619388,0.00128586910403735,0.0156725628600709,-1.34805214680528,"UP"
"16820",-2.12727958724777,4.60038811286733,-3.30578478585361,0.00129959580943911,0.0158169392961777,-1.35773883365769,"DOWN"
"11109",-2.25516429881222,8.01653189246412,-3.30205294780756,0.00131533318530184,0.0159502248785734,-1.36871785546878,"DOWN"
"11468",2.05088628811729,6.49996943024021,3.30131990334651,0.0013184453632212,0.015971673207515,-1.37087328927583,"UP"
"19227",-2.1451596623005,4.52164147649492,-3.30007915403186,0.00132372873959119,0.0160263530658413,-1.37452069264595,"DOWN"
"4954",2.4406593883113,5.44722592542121,3.29563023588719,0.00134283654728826,0.01621056710767,-1.38758999230177,"UP"
"13134",2.58867780212759,6.74035441858441,3.29338992376806,0.00135255596416654,0.0162793801055798,-1.39416583022832,"UP"
"16282",-3.50207255140644,8.94561372813851,-3.29298094956858,0.00135433735647206,0.0162833262766595,-1.3953658754468,"DOWN"
"6306",2.22355412671828,10.1430558357841,3.29263289982489,0.00135585510557352,0.0162921677544507,-1.39638705649966,"UP"
"1394",2.41532807754685,12.2036572578076,3.2877664363439,0.00137724379397085,0.0164447963105785,-1.41065618048893,"UP"
"8808",2.74179139371421,5.37410492539573,3.28660310224419,0.00138240332747898,0.0164969437773194,-1.41406470924534,"UP"
"18129",3.22451782725467,8.66240298422658,3.2860104080101,0.00138503894881187,0.0165064631415274,-1.41580090839895,"UP"
"13827",-2.15554113235235,6.68166813817291,-3.2702879979575,0.00145669424429571,0.0172451398199056,-1.46176469275981,"DOWN"
"10788",2.27229700335636,8.70087161659224,3.26795271211229,0.00146762837944551,0.0173253363795767,-1.46857659146525,"UP"
"11265",2.45701083624307,8.48102961700308,3.26705676655733,0.0014718436486245,0.0173554202372348,-1.47118896941926,"UP"
"15672",-2.38007956439757,6.55427814620817,-3.26565484889403,0.00147846214375329,0.0174137419013114,-1.47527548598612,"DOWN"
"533",3.73431492587226,6.62982802557591,3.25384384677358,0.00153533692294662,0.0179214439929599,-1.509647523383,"UP"
"13926",2.0887982471837,9.86843207993803,3.2497731697287,0.00155540800386042,0.0180724482983346,-1.52147049394096,"UP"
"16668",2.17536022677492,6.52032922833475,3.2494479803414,0.00155702192534922,0.0180732578447448,-1.52241446382498,"UP"
"14417",-2.04887264908386,8.353986231662,-3.23866592282254,0.00161142765935394,0.0185496791478089,-1.55366953049263,"DOWN"
"12159",-2.6505006870476,6.81221628067996,-3.23726689934578,0.00161861575518807,0.01861184676203,-1.55771884041536,"DOWN"
"1905",-2.07711044496942,8.96326584900508,-3.23411488198154,0.00163492046619178,0.0187578974038444,-1.56683677553696,"DOWN"
"17325",2.11422630610113,7.08086455981085,3.23238576437461,0.00164392981654649,0.0187888004938332,-1.57183557888132,"UP"
"11076",2.53640842754911,8.98137628552451,3.23216267451566,0.00164509556761577,0.0187918102578336,-1.57248036359104,"UP"
"17416",2.8019317053106,8.50882704036636,3.21890478227246,0.00171577629609933,0.0193131489675527,-1.61073391169283,"UP"
"650",2.94653102646614,7.58570275086505,3.21301508302877,0.00174807575177426,0.0195814574797995,-1.62768662414686,"UP"
"13319",-2.02630996307503,6.78390639267299,-3.21062864793972,0.00176132383224059,0.0196980706136295,-1.63454845428541,"DOWN"
"17072",-2.22477966747567,8.86763391186013,-3.19369446711602,0.00185805611766098,0.0205045896100542,-1.68312057545354,"DOWN"
"3931",-2.4186821488737,7.78517860256715,-3.18563031648129,0.00190584047049088,0.02088801155658,-1.70617711351374,"DOWN"
"13151",-2.21891572574252,5.50625511998091,-3.18466501841579,0.00191163647288656,0.0209227500155322,-1.70893384121371,"DOWN"
"1789",3.16248436757061,7.99918562200529,3.17772746983646,0.00195377760154715,0.0212124425310834,-1.7287261879122,"UP"
"6522",2.08279526188333,5.57258316223161,3.17607780466993,0.00196392477977902,0.0212561172630553,-1.73342736790335,"UP"
"3431",2.7458715378655,10.6068347175065,3.16796085310048,0.00201457123361628,0.0216579408202506,-1.75652974640684,"UP"
"15809",2.28464519247007,7.6957814635169,3.16549808723613,0.00203017665986675,0.0217471187063093,-1.76352966095998,"UP"
"2453",2.01849559409179,5.55480006409858,3.16186109792432,0.00205342848393725,0.0219622982791522,-1.77385890229991,"UP"
"7659",2.1233064805434,6.31040404061114,3.15896284451477,0.00207213463583644,0.0220829742357513,-1.78208311880372,"UP"
"6293",-2.05813852777457,6.47510004042071,-3.15664475297388,0.0020872102583801,0.0221981953118014,-1.78865658553141,"DOWN"
"821",2.27320033985571,5.3072923675942,3.15123546250548,0.00212278717179104,0.0224732689707049,-1.80398042456387,"UP"
"13820",-2.25312493996198,6.68338998658849,-3.14981916572989,0.00213219490093769,0.0225499373372913,-1.80798904843625,"DOWN"
"13917",-2.10777179803289,5.96428635809776,-3.14556020538579,0.00216071913849101,0.0228284197564367,-1.82003449807696,"DOWN"
"6762",2.62520327381098,5.55256575166837,3.14095626375366,0.00219195277157414,0.0230896497214276,-1.83304057051895,"UP"
"5703",2.27749562707213,4.32639723000475,3.1374076175331,0.00221631308890037,0.0232707285380923,-1.84305475198183,"UP"
"10720",3.76272680422698,9.13334524068123,3.13594856092706,0.00222640186571843,0.0233564697489776,-1.84716946652608,"UP"
"20627",2.81172456128898,7.20243371055111,3.13337337559595,0.00224431244714977,0.0235088342049531,-1.85442795303465,"UP"
"5279",2.35302801445134,7.48922078678146,3.13225153109646,0.00225215674920334,0.0235672925353821,-1.8575884786296,"UP"
"2960",-2.38795121311092,6.29979349992785,-3.11454758565994,0.00237937123912014,0.0246140221974355,-1.90734151749675,"DOWN"
"14707",2.21461081907814,10.3976234175713,3.11221911306579,0.00239659079406451,0.0247062409384155,-1.9138678640838,"UP"
"7354",2.08637410788156,9.37662842541466,3.10817051662863,0.00242680682161306,0.0249559630880348,-1.92520585372803,"UP"
"15579",-2.98691187579357,11.393256636743,-3.1079368720864,0.00242856133790137,0.0249616788254976,-1.92585979718691,"DOWN"
"17512",3.38495111687202,6.90315411678439,3.10755514137291,0.00243143041753234,0.0249788391784378,-1.92692812896253,"UP"
"17371",-2.30690270073142,10.3539116010768,-3.10403983457805,0.00245799969096164,0.0251772678625604,-1.93676115586333,"DOWN"
"18721",2.55120031654063,9.02525036247446,3.10256689095348,0.00246921235657238,0.0252424536638504,-1.94087854383304,"UP"
"15556",2.39119238402092,12.4938735718298,3.09835391309846,0.00250154593843529,0.0254854171340393,-1.95264635724328,"UP"
"19743",-2.44162560098309,5.71648460360044,-3.09693270299559,0.0025125417107485,0.0255599260305945,-1.95661314005938,"DOWN"
"19623",2.20459918959559,8.92875673759684,3.08296695259738,0.00262300450514688,0.0263999254785784,-1.99551322498581,"UP"
"6552",-2.5122213936739,10.9150216595139,-3.07605701998101,0.00267930889485992,0.0267725184388498,-2.01470622215186,"DOWN"
"13843",2.18844685869588,7.93202590165473,3.07209286305142,0.00271211382607282,0.0269984658717487,-2.02570092378098,"UP"
"4552",-2.00112356060472,8.39327815575128,-3.0696061035805,0.00273288232575639,0.027135902168703,-2.03259201701192,"DOWN"
"11478",-2.899262561312,6.24555726176795,-3.06919001464662,0.00273637170745148,0.0271473103553929,-2.03374459446157,"DOWN"
"5886",3.31937665072421,7.57398461829025,3.06278202223051,0.00279063411160176,0.0275152295170431,-2.05147852056961,"UP"
"19262",-2.6021229751875,9.58505159641608,-3.05731645089113,0.00283770212206769,0.0278212377542079,-2.06657999240652,"DOWN"
"1204",2.74667664103577,7.49330767623126,3.0475159388501,0.00292394732773319,0.0283729166601659,-2.09360281388804,"UP"
"4914",-2.19886039731433,9.90889118993395,-3.04375948290005,0.00295764296475688,0.028619868540008,-2.10394129946181,"DOWN"
"4501",2.16584846114716,7.28825940479104,3.04214399322569,0.00297224423157088,0.0287230116069062,-2.10838417153013,"UP"
"2257",3.64303692504113,7.86636272932945,3.04062906874942,0.00298599714815854,0.0287872243579877,-2.1125486874432,"UP"
"1172",-3.53585178697979,7.81204745826556,-3.02588539144521,0.00312295384120551,0.0296410167681238,-2.15298863785123,"DOWN"
"20034",-2.45470763133796,6.10729303060574,-3.02478879354249,0.003133368987939,0.0297127849748824,-2.15598990974007,"DOWN"
"12733",2.5294770977966,7.06916481767049,3.02152297488305,0.0031645772971878,0.0298870524298853,-2.16492272952758,"UP"
"7640",2.01657326950782,6.7089370771874,3.02140642283791,0.00316569636710027,0.0298870524298853,-2.16524137925466,"UP"
"5653",-2.32140523175026,5.59036017251025,-3.01419648671431,0.00323563792637322,0.0304606348005406,-2.18493316371725,"DOWN"
"16031",-2.29668329014175,10.6888958352622,-3.01265120768264,0.00325081290700987,0.0305207069321792,-2.18914851634983,"DOWN"
"15868",2.7913766189112,7.56756838138524,3.00474758955376,0.00332946187548532,0.0311188124304786,-2.21068046291215,"UP"
"6238",-2.34282957792784,7.78518901056063,-2.99943651323352,0.00338329600455399,0.0314770445668338,-2.22512292573325,"DOWN"
"8570",2.51961624029266,6.59189169428207,2.99792726695062,0.00339874006657147,0.0315820451344419,-2.22922313210987,"UP"
"20749",-2.11753849803698,5.55158210956278,-2.99773351595135,0.00340072742225935,0.0315864174135275,-2.22974937506771,"DOWN"
"3429",-2.3188343578507,6.4300422493175,-2.99632197465505,0.00341523839914252,0.0316788082065674,-2.23358237280451,"DOWN"
"519",-2.35846004741882,6.95930961064827,-2.99160377029081,0.00346415865297949,0.0319863321978965,-2.24638354014365,"DOWN"
"17230",-2.18719137652895,7.13004630672218,-2.98877614472966,0.00349378582778406,0.0321496226592025,-2.25404719484897,"DOWN"
"1254",-2.3680748606125,8.63979336055712,-2.98772041918524,0.00350490730365733,0.0322296443652757,-2.25690694861147,"DOWN"
"13470",-2.99492061527476,6.94368996087623,-2.98547766432136,0.00352864199490145,0.0323987834664144,-2.26297932149715,"DOWN"
"11699",2.39123716100219,5.404341017329,2.96232642968747,0.00378246475196321,0.0341570017323859,-2.32543874424702,"UP"
"1396",2.78994613097183,6.99188445600357,2.96146633417949,0.00379221110390729,0.0342153397000717,-2.32775131413449,"UP"
"8732",2.05879069114344,9.63911831724317,2.96062619926961,0.0038017536139215,0.034271739071992,-2.33000967006361,"UP"
"5294",-2.09813290468445,7.6920537423226,-2.9601089630836,0.00380763954439061,0.0343099462883557,-2.33139977806129,"DOWN"
"18113",2.1266598734039,9.86536616947911,2.95543842302227,0.00386116995378139,0.0347267464221181,-2.34394292531021,"UP"
"12588",-2.06269653764008,6.39530834567532,-2.95382564617244,0.00387981495862192,0.0347797101585635,-2.34827030882674,"DOWN"
"6341",-2.27895690313406,7.79172619610957,-2.94972397104558,0.0039276080649708,0.0350798920358585,-2.35926691560999,"DOWN"
"11778",2.76166295451646,6.15001426125427,2.94956180905183,0.00392950869058767,0.0350798920358585,-2.35970140817137,"UP"
"16755",3.05520157963542,6.86421163626767,2.94764055391946,0.00395209141070014,0.0352455466965395,-2.36484763741834,"UP"
"2544",-2.32898340738022,11.0712746768795,-2.94665010692986,0.00396377991724941,0.0353203256073727,-2.3674995224259,"DOWN"
"16733",-2.61939713390279,7.61198230805717,-2.92819395816735,0.00418749327402731,0.0367159410266714,-2.41677770717375,"DOWN"
"10954",2.35313257404687,6.87657806991595,2.92252421575343,0.00425851647273405,0.0371977126796199,-2.43186353507575,"UP"
"355",-2.64992835949061,8.46378971503614,-2.88840819502744,0.00470979149019605,0.0398773517276117,-2.52211576460163,"DOWN"
"15195",2.06490562050739,7.35485606921734,2.88835230416485,0.00471056554283526,0.0398773517276117,-2.52226288445864,"UP"
"16821",-2.01863580335798,5.67160924012248,-2.88786484069254,0.00471732155370468,0.0398895115475094,-2.52354591771904,"DOWN"
"8858",2.41659297431252,4.9010203984176,2.88672939054603,0.00473309286359903,0.0399521385454342,-2.52653377881424,"UP"
"1808",-2.09941783510224,5.80500307031921,-2.88150402150271,0.00480629875950863,0.0403818351880157,-2.5402711373781,"DOWN"
"10781",2.33849647167435,7.33303491465815,2.87967157307617,0.00483221599174415,0.040509688330145,-2.54508359383576,"UP"
"3910",-2.29199173154388,7.38409291934553,-2.87792697847288,0.00485700979547266,0.0406529411965176,-2.54966290971347,"DOWN"
"16697",-2.32082146389699,10.7974591531436,-2.87735570448455,0.00486515395867711,0.0407038835016039,-2.55116191161516,"DOWN"
"19399",2.50982903830391,12.0134502549905,2.87498338952184,0.00489910827091129,0.040905786140119,-2.55738407495317,"UP"
"5951",-2.23426126579952,7.86079184433688,-2.86794836278107,0.00500108126235938,0.0415738587654178,-2.57581006986257,"DOWN"
"19499",-2.8405744639424,7.15004764642106,-2.86649928889156,0.00502232596311483,0.0416661580411865,-2.5796006883235,"DOWN"
"5222",-3.23563409771887,9.09273294304566,-2.86568391061864,0.00503431648713986,0.0417003208147178,-2.58173291242632,"DOWN"
"19096",-2.40956490202729,7.89620224394193,-2.85720316748162,0.00516059566646275,0.0424759858333677,-2.60387956486872,"DOWN"
"794",-2.35982079078481,7.82372191224065,-2.85365942165324,0.00521421741828195,0.0427315480197967,-2.6131171716114,"DOWN"
"12495",-2.11047091344992,11.2360753081972,-2.84188842059167,0.00539601472452492,0.043824731132413,-2.643730955853,"DOWN"
"17264",3.13905378891182,8.71225657209288,2.84159681682223,0.00540059121173407,0.0438447997634114,-2.64448798415333,"UP"
"11333",2.74932834018739,6.95711340738756,2.8271934470779,0.00563111400968433,0.0452400918740997,-2.68179786917553,"UP"
"13591",-2.80919504477744,8.62182654411301,-2.82693244142129,0.0056353731990888,0.0452568497870518,-2.68247247429515,"DOWN"
"17529",-2.25100315365578,6.46650980309823,-2.81976889268068,0.00575342767268126,0.0460120104409045,-2.70096688291198,"DOWN"
"3991",2.38960456496322,7.12335681301803,2.81782661541585,0.0057858237356763,0.0461821706829457,-2.70597442405444,"UP"
"19965",3.25669559363491,10.5243400311006,2.79815886826276,0.00612339546320642,0.0480458127828977,-2.75651509200217,"UP"
"19411",-2.21269371469256,6.97212189830567,-2.79567945313287,0.00616720531367754,0.0482283302120508,-2.76286498481242,"DOWN"
"3156",2.44853075767621,7.20764015386494,2.79566276666395,0.00616750112152763,0.0482283302120508,-2.76290770326294,"UP"
"5176",2.18780993499688,8.24047781752155,2.79386184853099,0.00619950301872465,0.0483938425657243,-2.76751688677953,"UP"
"6557",-2.6951944500502,7.62522903769387,-2.78125553301518,0.00642779450905742,0.0496853722556094,-2.79970955742815,"DOWN"
